record_id,unit_key,dataset_id,reporting_year,operating_time,gross_load,steam_load,heat_input,co2_mass,so2_mass,nox_mass,so2_control,nox_control,pm_control,program_code
1,1,1,2022,NULL,107772,NULL,1449230,86747.1,0.74,41.613,NULL,"Water Injection",NULL,"ARP, CSNOX, CSOSG3, CSSO2G1"
2,1,1,2023,NULL,44386.5,NULL,599909,35674.3,0.187,18.952,NULL,"Water Injection",NULL,"ARP, CSNOX, CSOSG2E, CSSO2G1"
3,1,1,2024,NULL,91949.4,NULL,1226120,72898.1,0.377,34.886,NULL,"Water Injection",NULL,"ARP, CSNOX, CSOSG2E, CSSO2G1"
4,1,1,2025,NULL,122797,NULL,1638320,97387.4,0.498,45.548,NULL,"Water Injection",NULL,"ARP, CSNOX, CSOSG2E, CSSO2G1"
5,1,1,2026,NULL,73579,NULL,951167,56777.5,0.364,31.964,NULL,"Water Injection",NULL,"ARP, CSNOX, CSOSG2E, CSSO2G1"
6,2,1,2022,NULL,102724,NULL,948605,56374.7,0.285,5.692,NULL,"Water Injection|Selective Catalytic Reduction",NULL,"ARP, CSNOX, CSOSG3, CSSO2G1"
7,2,1,2023,NULL,8282.44,NULL,78722.4,4678.9,0.024,0.514,NULL,"Water Injection|Selective Catalytic Reduction",NULL,"ARP, CSNOX, CSOSG2E, CSSO2G1"
8,2,1,2024,NULL,60644.9,NULL,552658,32844.7,0.166,3.345,NULL,"Water Injection|Selective Catalytic Reduction",NULL,"ARP, CSNOX, CSOSG2E, CSSO2G1"
9,2,1,2025,NULL,155233,NULL,1443720,85798.3,0.433,8.786,NULL,"Water Injection|Selective Catalytic Reduction",NULL,"ARP, CSNOX, CSOSG2E, CSSO2G1"
10,2,1,2026,NULL,77292,NULL,701975,41717.3,0.211,4.358,NULL,"Water Injection|Selective Catalytic Reduction",NULL,"ARP, CSNOX, CSOSG2E, CSSO2G1"
11,3,1,2022,NULL,98134.1,NULL,1312890,78624.6,0.686,44.642,NULL,"Water Injection",NULL,"ARP, CSNOX, CSOSG3, CSSO2G1"
12,3,1,2023,NULL,18959.8,NULL,255519,15202.6,0.082,9.517,NULL,"Water Injection",NULL,"ARP, CSNOX, CSOSG2E, CSSO2G1"
13,3,1,2024,NULL,84548.5,NULL,1147380,68214.4,0.352,38.723,NULL,"Water Injection",NULL,"ARP, CSNOX, CSOSG2E, CSSO2G1"
14,3,1,2025,NULL,103874,NULL,1398700,83207.9,0.442,43.109,NULL,"Water Injection",NULL,"ARP, CSNOX, CSOSG2E, CSSO2G1"
15,3,1,2026,NULL,69791.3,NULL,913182,54487.4,0.341,28.188,NULL,"Water Injection",NULL,"ARP, CSNOX, CSOSG2E, CSSO2G1"
16,4,1,2022,NULL,88143.6,NULL,1176330,70315.3,0.551,36.363,NULL,"Water Injection",NULL,"ARP, CSNOX, CSOSG3, CSSO2G1"
17,4,1,2023,NULL,22998.3,NULL,309391,18402,0.098,10.191,NULL,"Water Injection",NULL,"ARP, CSNOX, CSOSG2E, CSSO2G1"
18,4,1,2024,NULL,85145.3,NULL,1129550,67168.3,0.351,35.424,NULL,"Water Injection",NULL,"ARP, CSNOX, CSOSG2E, CSSO2G1"
19,4,1,2025,NULL,109070,NULL,1432430,85236.6,0.458,45.231,NULL,"Water Injection",NULL,"ARP, CSNOX, CSOSG2E, CSSO2G1"
20,4,1,2026,NULL,60786,NULL,777580,46316.4,0.265,27.293,NULL,"Water Injection",NULL,"ARP, CSNOX, CSOSG2E, CSSO2G1"
21,5,1,2022,NULL,68842.1,NULL,946866,56734,0.509,14.818,NULL,"Dry Low NOx Burners|Water Injection",NULL,"ARP, CSNOX, CSOSG3, CSSO2G1"
22,5,1,2023,NULL,55297.9,NULL,785846,46706.9,0.237,11.269,NULL,"Dry Low NOx Burners|Water Injection",NULL,"ARP, CSNOX, CSOSG2E, CSSO2G1"
23,5,1,2024,NULL,45299,NULL,637960,38050.4,0.23,10.406,NULL,"Dry Low NOx Burners|Water Injection",NULL,"ARP, CSNOX, CSOSG2E, CSSO2G1"
24,5,1,2025,NULL,83074.2,NULL,1136740,67622.5,0.361,18.202,NULL,"Dry Low NOx Burners|Water Injection",NULL,"ARP, CSNOX, CSOSG2E, CSSO2G1"
25,5,1,2026,NULL,47593.8,NULL,633866,37674,0.191,8.298,NULL,"Dry Low NOx Burners|Water Injection",NULL,"ARP, CSNOX, CSOSG2E, CSSO2G1"
26,6,1,2022,NULL,68814.7,NULL,905003,54241.5,0.495,13.399,NULL,"Dry Low NOx Burners|Water Injection",NULL,"ARP, CSNOX, CSOSG3, CSSO2G1"
27,6,1,2023,NULL,53539.9,NULL,727128,43217.6,0.221,10.441,NULL,"Dry Low NOx Burners|Water Injection",NULL,"ARP, CSNOX, CSOSG2E, CSSO2G1"
28,6,1,2024,NULL,48650.9,NULL,653940,38881,0.202,10.615,NULL,"Dry Low NOx Burners|Water Injection",NULL,"ARP, CSNOX, CSOSG2E, CSSO2G1"
29,6,1,2025,NULL,73875.7,NULL,996064,59247.5,0.314,13.941,NULL,"Dry Low NOx Burners|Water Injection",NULL,"ARP, CSNOX, CSOSG2E, CSSO2G1"
30,6,1,2026,NULL,47014.1,NULL,587640,34935.3,0.181,8.897,NULL,"Dry Low NOx Burners|Water Injection",NULL,"ARP, CSNOX, CSOSG2E, CSSO2G1"
31,7,1,2022,NULL,70440.4,NULL,929697,55705.6,0.499,15.489,NULL,"Dry Low NOx Burners|Water Injection",NULL,"ARP, CSNOX, CSOSG3, CSSO2G1"
32,7,1,2023,NULL,47195.3,NULL,642543,38202.6,0.198,10.313,NULL,"Dry Low NOx Burners|Water Injection",NULL,"ARP, CSNOX, CSOSG2E, CSSO2G1"
33,7,1,2024,NULL,48570.6,NULL,659010,39178.4,0.202,10.86,NULL,"Dry Low NOx Burners|Water Injection",NULL,"ARP, CSNOX, CSOSG2E, CSSO2G1"
34,7,1,2025,NULL,77599.4,NULL,1056700,62812.2,0.321,15.987,NULL,"Dry Low NOx Burners|Water Injection",NULL,"ARP, CSNOX, CSOSG2E, CSSO2G1"
35,7,1,2026,NULL,45573.9,NULL,591709,35169.6,0.179,9.66,NULL,"Dry Low NOx Burners|Water Injection",NULL,"ARP, CSNOX, CSOSG2E, CSSO2G1"
36,8,1,2022,NULL,68385.9,NULL,905227,54264.4,0.5,14.127,NULL,"Dry Low NOx Burners|Water Injection",NULL,"ARP, CSNOX, CSOSG3, CSSO2G1"
37,8,1,2023,NULL,50094.6,NULL,687586,40877.6,0.212,10.93,NULL,"Dry Low NOx Burners|Water Injection",NULL,"ARP, CSNOX, CSOSG2E, CSSO2G1"
38,8,1,2024,NULL,46081.8,NULL,628439,37358.2,0.192,10.639,NULL,"Dry Low NOx Burners|Water Injection",NULL,"ARP, CSNOX, CSOSG2E, CSSO2G1"
39,8,1,2025,NULL,76600.8,NULL,1044490,62091.1,0.319,16.82,NULL,"Dry Low NOx Burners|Water Injection",NULL,"ARP, CSNOX, CSOSG2E, CSSO2G1"
40,8,1,2026,NULL,48849.2,NULL,632378,37586.3,0.192,11.383,NULL,"Dry Low NOx Burners|Water Injection",NULL,"ARP, CSNOX, CSOSG2E, CSSO2G1"
41,9,1,2022,NULL,38382.9,NULL,352692,20959.6,0.106,1.738,NULL,"Water Injection|Selective Catalytic Reduction",NULL,"ARP, CSNOX, CSOSG3, CSSO2G1"
42,9,1,2023,NULL,116134,NULL,1070900,63641.8,0.321,6.642,NULL,"Water Injection|Selective Catalytic Reduction",NULL,"ARP, CSNOX, CSOSG2E, CSSO2G1"
43,9,1,2024,NULL,118066,NULL,1096420,65160.5,0.329,6.954,NULL,"Water Injection|Selective Catalytic Reduction",NULL,"ARP, CSNOX, CSOSG2E, CSSO2G1"
44,9,1,2025,NULL,153962,NULL,1443580,85790.6,0.433,9.22,NULL,"Water Injection|Selective Catalytic Reduction",NULL,"ARP, CSNOX, CSOSG2E, CSSO2G1"
45,9,1,2026,NULL,79780.3,NULL,726657,43183.6,0.218,4.425,NULL,"Water Injection|Selective Catalytic Reduction",NULL,"ARP, CSNOX, CSOSG2E, CSSO2G1"
46,10,1,2022,NULL,536451,NULL,5272830,313359,13.578,430.025,NULL,"Low NOx Burner Technology (Dry Bottom only)|Overfire Air","Electrostatic Precipitator","ARP, CSNOX, CSOSG3, CSSO2G1"
47,10,1,2023,NULL,1227100,NULL,11735700,697438,30.22,981.078,NULL,"Low NOx Burner Technology (Dry Bottom only)|Overfire Air","Electrostatic Precipitator","ARP, CSNOX, CSOSG2E, CSSO2G1"
48,10,1,2024,NULL,1156090,NULL,11058900,657216,28.477,902.252,NULL,"Low NOx Burner Technology (Dry Bottom only)|Overfire Air","Electrostatic Precipitator","ARP, CSNOX, CSOSG2E, CSSO2G1"
49,10,1,2025,NULL,1268400,NULL,12308400,731464,31.694,1023.43,NULL,"Low NOx Burner Technology (Dry Bottom only)|Overfire Air","Electrostatic Precipitator","ARP, CSNOX, CSOSG2E, CSSO2G1"
50,10,1,2026,NULL,662917,NULL,6393590,379961,16.464,555.045,NULL,"Low NOx Burner Technology (Dry Bottom only)|Overfire Air","Electrostatic Precipitator","ARP, CSNOX, CSOSG2E, CSSO2G1"
51,11,1,2022,NULL,22902.3,NULL,307381,18270.1,0.101,15.608,Other,"Water Injection",NULL,"ARP, CSNOX, CSOSG3, CSSO2G1"
52,11,1,2023,NULL,3611,NULL,49089.7,2934.78,0.097,2.582,Other,"Water Injection",NULL,"ARP, CSNOX, CSOSG2E, CSSO2G1"
53,11,1,2024,NULL,5093,NULL,72549.7,4333.14,0.123,3.806,Other,"Water Injection",NULL,"ARP, CSNOX, CSOSG2E, CSSO2G1"
54,11,1,2025,NULL,10022.6,NULL,158343,9432.46,0.151,8.21,Other,"Water Injection",NULL,"ARP, CSNOX, CSOSG2E, CSSO2G1"
55,11,1,2026,NULL,13308,NULL,211516,12593.3,0.175,10.347,Other,"Water Injection",NULL,"ARP, CSNOX, CSOSG2E, CSSO2G1"
56,12,1,2022,NULL,16267.8,NULL,224827,13548.7,0.947,14.729,Other,"Water Injection",NULL,"ARP, CSNOX, CSOSG3, CSSO2G1"
57,12,1,2023,NULL,6632.24,NULL,88344.9,5270.02,0.119,5.643,Other,"Water Injection",NULL,"ARP, CSNOX, CSOSG2E, CSSO2G1"
58,12,1,2024,NULL,4545.74,NULL,65447.7,3899.43,0.066,3.903,Other,"Water Injection",NULL,"ARP, CSNOX, CSOSG2E, CSSO2G1"
59,12,1,2025,NULL,18593.5,NULL,280578,16700.3,0.203,17.162,Other,"Water Injection",NULL,"ARP, CSNOX, CSOSG2E, CSSO2G1"
60,12,1,2026,NULL,16272.3,NULL,224514,13362.9,0.163,13.263,Other,"Water Injection",NULL,"ARP, CSNOX, CSOSG2E, CSSO2G1"
61,13,1,2022,NULL,1135320,NULL,12021500,1233400,362.917,287.147,"Wet Limestone","Low NOx Burner Technology w/ Closed-coupled/Separated OFA|Selective Catalytic Reduction","Wet Scrubber|Baghouse","ARP, CSNOX, CSOSG3, CSSO2G1, MATS"
62,13,1,2023,NULL,1035780,NULL,10834700,1111630,361.002,233.735,"Wet Limestone","Low NOx Burner Technology w/ Closed-coupled/Separated OFA|Selective Catalytic Reduction","Wet Scrubber|Baghouse","ARP, CSNOX, CSOSG2E, CSSO2G1, MATS"
63,13,1,2024,NULL,1536320,NULL,16647000,1707990,658.386,324.523,"Wet Limestone","Low NOx Burner Technology w/ Closed-coupled/Separated OFA|Selective Catalytic Reduction","Wet Scrubber|Baghouse","ARP, CSNOX, CSOSG2E, CSSO2G1, MATS"
64,13,1,2025,NULL,1530560,NULL,16445000,1687260,982.342,387.199,"Wet Limestone","Low NOx Burner Technology w/ Closed-coupled/Separated OFA|Selective Catalytic Reduction","Wet Scrubber|Baghouse","ARP, CSNOX, CSOSG2E, CSSO2G1, MATS"
65,13,1,2026,NULL,795788,NULL,8007610,821579,351.313,177.481,"Wet Limestone","Low NOx Burner Technology w/ Closed-coupled/Separated OFA|Selective Catalytic Reduction","Wet Scrubber|Baghouse","ARP, CSNOX, CSOSG2E, CSSO2G1, MATS"
66,14,1,2022,NULL,23970.9,NULL,340865,20257.2,0.102,14.396,NULL,"Water Injection",NULL,"ARP, CSNOX, CSOSG3, CSSO2G1"
67,14,1,2023,NULL,7311.27,NULL,98472.9,5851.93,0.03,4.131,NULL,"Water Injection",NULL,"ARP, CSNOX, CSOSG2E, CSSO2G1"
68,14,1,2024,NULL,19095.6,NULL,260069,15455.3,0.078,10.618,NULL,"Water Injection",NULL,"ARP, CSNOX, CSOSG2E, CSSO2G1"
69,14,1,2025,NULL,34305.7,NULL,501575,29807,0.15,21.453,NULL,"Water Injection",NULL,"ARP, CSNOX, CSOSG2E, CSSO2G1"
70,14,1,2026,NULL,32990.8,NULL,456175,27110.2,0.137,17.633,NULL,"Water Injection",NULL,"ARP, CSNOX, CSOSG2E, CSSO2G1"
71,15,1,2022,NULL,112056,NULL,1215700,72246.7,0.365,19.536,NULL,"Dry Low NOx Burners|Water Injection",NULL,"ARP, CSNOX, CSOSG3, CSSO2G1"
72,15,1,2023,NULL,20116.5,NULL,222620,13230,0.067,3.54,NULL,"Dry Low NOx Burners|Water Injection",NULL,"ARP, CSNOX, CSOSG2E, CSSO2G1"
73,15,1,2024,NULL,63987.9,NULL,711417,42278.1,0.213,13.739,NULL,"Dry Low NOx Burners|Water Injection",NULL,"ARP, CSNOX, CSOSG2E, CSSO2G1"
74,15,1,2025,NULL,89772.8,NULL,1024380,60877.5,0.307,42.166,NULL,"Dry Low NOx Burners|Water Injection",NULL,"ARP, CSNOX, CSOSG2E, CSSO2G1"
75,15,1,2026,NULL,86491.1,NULL,960215,57064.7,0.288,38.204,NULL,"Dry Low NOx Burners|Water Injection",NULL,"ARP, CSNOX, CSOSG2E, CSSO2G1"
76,16,1,2022,NULL,139826,NULL,1534420,91189,0.46,45.254,NULL,"Dry Low NOx Burners|Water Injection",NULL,"ARP, CSNOX, CSOSG3, CSSO2G1"
77,16,1,2023,NULL,24153.8,NULL,269756,16031.6,0.081,7.845,NULL,"Dry Low NOx Burners|Water Injection",NULL,"ARP, CSNOX, CSOSG2E, CSSO2G1"
78,16,1,2024,NULL,91659.3,NULL,1019680,60598.5,0.306,29.777,NULL,"Dry Low NOx Burners|Water Injection",NULL,"ARP, CSNOX, CSOSG2E, CSSO2G1"
79,16,1,2025,NULL,116241,NULL,1348620,80145.7,0.405,38.92,NULL,"Dry Low NOx Burners|Water Injection",NULL,"ARP, CSNOX, CSOSG2E, CSSO2G1"
80,16,1,2026,NULL,88996.7,NULL,1004190,59676.3,0.301,28.954,NULL,"Dry Low NOx Burners|Water Injection",NULL,"ARP, CSNOX, CSOSG2E, CSSO2G1"
81,17,1,2022,NULL,57019.2,NULL,736034,44616.5,4.333,50.81,Other,"Water Injection",NULL,"ARP, CSNOX, CSOSG3, CSSO2G1"
82,17,1,2023,NULL,4374.05,NULL,59872.3,3577.25,0.107,4.035,Other,"Water Injection",NULL,"ARP, CSNOX, CSOSG2E, CSSO2G1"
83,17,1,2024,NULL,9522.75,NULL,136955,8160.04,0.14,9.159,Other,"Water Injection",NULL,"ARP, CSNOX, CSOSG2E, CSSO2G1"
84,17,1,2025,NULL,19493,NULL,289801,17242,0.18,19.336,Other,"Water Injection",NULL,"ARP, CSNOX, CSOSG2E, CSSO2G1"
85,17,1,2026,NULL,16851.9,NULL,237896,14155.1,0.154,15.858,Other,"Water Injection",NULL,"ARP, CSNOX, CSOSG2E, CSSO2G1"
86,18,1,2022,NULL,19985.3,NULL,252802,15859.6,4.002,16.163,Other,"Water Injection",NULL,"ARP, CSNOX, CSOSG3, CSSO2G1"
87,18,1,2023,NULL,5391.79,NULL,69452.2,4148.58,0.121,4.124,Other,"Water Injection",NULL,"ARP, CSNOX, CSOSG2E, CSSO2G1"
88,18,1,2024,NULL,4462.75,NULL,58773.8,3514.76,0.097,3.572,Other,"Water Injection",NULL,"ARP, CSNOX, CSOSG2E, CSSO2G1"
89,18,1,2025,NULL,8775.19,NULL,131935,7865.5,0.156,7.947,Other,"Water Injection",NULL,"ARP, CSNOX, CSOSG2E, CSSO2G1"
90,18,1,2026,NULL,12049.7,NULL,187381,11156.6,0.15,11.238,Other,"Water Injection",NULL,"ARP, CSNOX, CSOSG2E, CSSO2G1"
91,19,1,2022,NULL,2937710,NULL,28253200,2898780,1122.53,750.741,"Wet Limestone","Low NOx Burner Technology w/ Separated OFA|Selective Catalytic Reduction",Baghouse,"ARP, CSNOX, CSOSG3, CSSO2G1, MATS"
92,19,1,2023,NULL,2899440,NULL,27954000,2868070,770.845,716.758,"Wet Limestone","Low NOx Burner Technology w/ Separated OFA|Selective Catalytic Reduction",Baghouse,"ARP, CSNOX, CSOSG2E, CSSO2G1, MATS"
93,19,1,2024,NULL,3133800,NULL,30248900,3103540,895.597,1009.86,"Wet Limestone","Low NOx Burner Technology w/ Separated OFA|Selective Catalytic Reduction",Baghouse,"ARP, CSNOX, CSOSG2E, CSSO2G1, MATS"
94,19,1,2025,NULL,2757460,NULL,26882700,2758170,954.316,901.706,"Wet Limestone","Low NOx Burner Technology w/ Separated OFA|Selective Catalytic Reduction",Baghouse,"ARP, CSNOX, CSOSG2E, CSSO2G1, MATS"
95,19,1,2026,NULL,1467470,NULL,14302600,1467450,686.773,423.55,"Wet Limestone","Low NOx Burner Technology w/ Separated OFA|Selective Catalytic Reduction",Baghouse,"ARP, CSNOX, CSOSG2E, CSSO2G1, MATS"
96,20,1,2022,NULL,2413460,NULL,22745100,2333650,4157.11,2241.18,"Wet Limestone","Low NOx Burner Technology w/ Closed-coupled/Separated OFA",Baghouse,"ARP, CSNOX, CSOSG3, CSSO2G1, MATS"
97,20,1,2023,NULL,2824410,NULL,26827600,2752510,3369.66,3039.67,"Wet Limestone","Low NOx Burner Technology w/ Closed-coupled/Separated OFA",Baghouse,"ARP, CSNOX, CSOSG2E, CSSO2G1, MATS"
98,20,1,2024,NULL,2764920,NULL,26384000,2707000,3390.05,4146.47,"Wet Limestone","Low NOx Burner Technology w/ Closed-coupled/Separated OFA",Baghouse,"ARP, CSNOX, CSOSG2E, CSSO2G1, MATS"
99,20,1,2025,NULL,3216590,NULL,29945700,3072430,5660.49,3667.83,"Wet Limestone","Low NOx Burner Technology w/ Closed-coupled/Separated OFA",Baghouse,"ARP, CSNOX, CSOSG2E, CSSO2G1, MATS"
100,20,1,2026,NULL,1228060,NULL,11214000,1150560,2051.94,1413.59,"Wet Limestone","Low NOx Burner Technology w/ Closed-coupled/Separated OFA",Baghouse,"ARP, CSNOX, CSOSG2E, CSSO2G1, MATS"
101,21,1,2022,NULL,3120210,NULL,29362100,3012550,4461.18,2397.43,"Wet Limestone","Low NOx Burner Technology w/ Overfire Air|Selective Catalytic Reduction","Baghouse|Electrostatic Precipitator","ARP, CSNOX, CSOSG3, CSSO2G1, MATS"
102,21,1,2023,NULL,2583570,NULL,24436800,2507220,2756.68,2199.29,"Wet Limestone","Low NOx Burner Technology w/ Overfire Air|Selective Catalytic Reduction","Baghouse|Electrostatic Precipitator","ARP, CSNOX, CSOSG2E, CSSO2G1, MATS"
103,21,1,2024,NULL,3132720,NULL,29757900,3053160,3288.15,890.728,"Wet Limestone","Low NOx Burner Technology w/ Overfire Air|Selective Catalytic Reduction","Baghouse|Electrostatic Precipitator","ARP, CSNOX, CSOSG2E, CSSO2G1, MATS"
104,21,1,2025,NULL,2920080,NULL,27062300,2776590,4271.69,2630.72,"Wet Limestone","Low NOx Burner Technology w/ Overfire Air|Selective Catalytic Reduction","Baghouse|Electrostatic Precipitator","ARP, CSNOX, CSOSG2E, CSSO2G1, MATS"
105,21,1,2026,NULL,1594180,NULL,14717600,1510030,2266.88,1301,"Wet Limestone","Low NOx Burner Technology w/ Overfire Air|Selective Catalytic Reduction","Baghouse|Electrostatic Precipitator","ARP, CSNOX, CSOSG2E, CSSO2G1, MATS"
106,22,1,2022,NULL,2581820,NULL,25019400,2567000,934.226,741.212,"Wet Limestone","Low NOx Burner Technology w/ Overfire Air|Selective Catalytic Reduction","Baghouse|Electrostatic Precipitator","ARP, CSNOX, CSOSG3, CSSO2G1, MATS"
107,22,1,2023,NULL,2450090,NULL,23924400,2454650,850.295,700.995,"Wet Limestone","Low NOx Burner Technology w/ Overfire Air|Selective Catalytic Reduction","Baghouse|Electrostatic Precipitator","ARP, CSNOX, CSOSG2E, CSSO2G1, MATS"
108,22,1,2024,NULL,2548590,NULL,24719100,2536180,1583.36,940.609,"Wet Limestone","Low NOx Burner Technology w/ Overfire Air|Selective Catalytic Reduction","Baghouse|Electrostatic Precipitator","ARP, CSNOX, CSOSG2E, CSSO2G1, MATS"
109,22,1,2025,NULL,2936780,NULL,28092800,2882320,1554.98,827.066,"Wet Limestone","Low NOx Burner Technology w/ Overfire Air|Selective Catalytic Reduction","Baghouse|Electrostatic Precipitator","ARP, CSNOX, CSOSG2E, CSSO2G1, MATS"
110,22,1,2026,NULL,1509660,NULL,14291900,1466350,884.766,382.791,"Wet Limestone","Low NOx Burner Technology w/ Overfire Air|Selective Catalytic Reduction","Baghouse|Electrostatic Precipitator","ARP, CSNOX, CSOSG2E, CSSO2G1, MATS"
111,23,1,2022,NULL,2180680,NULL,14983100,890422,4.495,190.762,NULL,"Dry Low NOx Burners",NULL,"ARP, CSNOX, CSOSG3, CSSO2G1"
112,23,1,2023,NULL,2510380,NULL,17014100,1011120,5.104,230.189,NULL,"Dry Low NOx Burners",NULL,"ARP, CSNOX, CSOSG2E, CSSO2G1"
113,23,1,2024,NULL,2345850,NULL,14837900,881806,4.452,235.799,NULL,"Dry Low NOx Burners",NULL,"ARP, CSNOX, CSOSG2E, CSSO2G1"
114,23,1,2025,NULL,2683270,NULL,17382900,1033050,5.215,255.86,NULL,"Dry Low NOx Burners",NULL,"ARP, CSNOX, CSOSG2E, CSSO2G1"
115,23,1,2026,NULL,1179550,NULL,7795250,463261,2.339,113.599,NULL,"Dry Low NOx Burners",NULL,"ARP, CSNOX, CSOSG2E, CSSO2G1"
116,24,1,2022,NULL,2315040,NULL,15743100,935592,4.723,202.989,NULL,"Dry Low NOx Burners",NULL,"ARP, CSNOX, CSOSG3, CSSO2G1"
117,24,1,2023,NULL,2439190,NULL,16451600,977692,4.936,216.399,NULL,"Dry Low NOx Burners",NULL,"ARP, CSNOX, CSOSG2E, CSSO2G1"
118,24,1,2024,NULL,2241360,NULL,14088300,837247,4.227,203.211,NULL,"Dry Low NOx Burners",NULL,"ARP, CSNOX, CSOSG2E, CSSO2G1"
119,24,1,2025,NULL,2665440,NULL,17202400,1022320,5.161,229.539,NULL,"Dry Low NOx Burners",NULL,"ARP, CSNOX, CSOSG2E, CSSO2G1"
120,24,1,2026,NULL,1143120,NULL,7513300,446509,2.254,98.558,NULL,"Dry Low NOx Burners",NULL,"ARP, CSNOX, CSOSG2E, CSSO2G1"
121,25,1,2022,NULL,1401740,NULL,12666000,1298490,578.104,1693.12,"Wet Limestone","Low NOx Burner Technology w/ Separated OFA","Baghouse|Electrostatic Precipitator","ARP, CSNOX, CSOSG3, CSSO2G1, MATS"
122,25,1,2023,NULL,1167280,NULL,10327700,1058940,509.43,1494.34,"Wet Limestone","Low NOx Burner Technology w/ Separated OFA","Baghouse|Electrostatic Precipitator","ARP, CSNOX, CSOSG2E, CSSO2G1, MATS"
123,25,1,2024,NULL,969808,NULL,8699730,891542,647.302,1345.73,"Wet Limestone","Low NOx Burner Technology w/ Separated OFA","Baghouse|Electrostatic Precipitator","ARP, CSNOX, CSOSG2E, CSSO2G1, MATS"
124,26,1,2022,NULL,1802380,NULL,16381300,1679550,736.545,2151.34,"Wet Limestone","Low NOx Burner Technology w/ Separated OFA","Baghouse|Electrostatic Precipitator","ARP, CSNOX, CSOSG3, CSSO2G1, MATS"
125,26,1,2023,NULL,1842800,NULL,16356900,1677710,720.034,2277.96,"Wet Limestone","Low NOx Burner Technology w/ Separated OFA","Baghouse|Electrostatic Precipitator","ARP, CSNOX, CSOSG2E, CSSO2G1, MATS"
126,26,1,2024,NULL,1849160,NULL,16808100,1722310,1107.22,2523.9,"Wet Limestone","Low NOx Burner Technology w/ Separated OFA","Baghouse|Electrostatic Precipitator","ARP, CSNOX, CSOSG2E, CSSO2G1, MATS"
127,26,1,2025,NULL,1881060,NULL,16863300,1729080,919.103,2769.28,"Wet Limestone","Low NOx Burner Technology w/ Separated OFA","Baghouse|Electrostatic Precipitator","ARP, CSNOX, CSOSG2E, CSSO2G1, MATS"
128,26,1,2026,NULL,1016540,NULL,9231430,944939,186.427,1721.92,"Wet Limestone","Low NOx Burner Technology w/ Separated OFA","Baghouse|Electrostatic Precipitator","ARP, CSNOX, CSOSG2E, CSSO2G1, MATS"
129,27,1,2022,NULL,2253930,NULL,21385000,2190500,706.878,711.217,"Wet Limestone","Low NOx Burner Technology (Dry Bottom only)|Selective Catalytic Reduction","Baghouse|Electrostatic Precipitator|Wet Scrubber","ARP, CSNOX, CSOSG3, CSSO2G1, MATS"
130,27,1,2023,NULL,2517510,NULL,24037100,2462560,828.402,963.318,"Wet Limestone","Low NOx Burner Technology (Dry Bottom only)|Selective Catalytic Reduction","Baghouse|Electrostatic Precipitator|Wet Scrubber","ARP, CSNOX, CSOSG2E, CSSO2G1, MATS"
131,27,1,2024,NULL,1877440,NULL,18120500,1853620,1045.65,646.866,"Wet Limestone","Low NOx Burner Technology (Dry Bottom only)|Selective Catalytic Reduction","Baghouse|Electrostatic Precipitator|Wet Scrubber","ARP, CSNOX, CSOSG2E, CSSO2G1, MATS"
132,27,1,2025,NULL,2870950,NULL,27302000,2795710,1882.56,1378.23,"Wet Limestone","Low NOx Burner Technology (Dry Bottom only)|Selective Catalytic Reduction","Baghouse|Electrostatic Precipitator|Wet Scrubber","ARP, CSNOX, CSOSG2E, CSSO2G1, MATS"
133,27,1,2026,NULL,973680,NULL,9570700,979225,586.872,618.806,"Wet Limestone","Low NOx Burner Technology (Dry Bottom only)|Selective Catalytic Reduction","Baghouse|Electrostatic Precipitator|Wet Scrubber","ARP, CSNOX, CSOSG2E, CSSO2G1, MATS"
134,28,1,2022,NULL,2573050,NULL,24968400,2557890,1147.97,836.698,"Wet Limestone","Low NOx Burner Technology (Dry Bottom only)|Selective Catalytic Reduction","Baghouse|Electrostatic Precipitator|Wet Scrubber","ARP, CSNOX, CSOSG3, CSSO2G1, MATS"
135,28,1,2023,NULL,2760780,NULL,26251400,2688820,1201.28,939.86,"Wet Limestone","Low NOx Burner Technology (Dry Bottom only)|Selective Catalytic Reduction","Baghouse|Electrostatic Precipitator|Wet Scrubber","ARP, CSNOX, CSOSG2E, CSSO2G1, MATS"
136,28,1,2024,NULL,2985360,NULL,28615700,2931420,2075.82,945.583,"Wet Limestone","Low NOx Burner Technology (Dry Bottom only)|Selective Catalytic Reduction","Baghouse|Electrostatic Precipitator|Wet Scrubber","ARP, CSNOX, CSOSG2E, CSSO2G1, MATS"
137,28,1,2025,NULL,3135110,NULL,30086700,3083040,792.304,1356.52,"Wet Limestone","Low NOx Burner Technology (Dry Bottom only)|Selective Catalytic Reduction","Baghouse|Electrostatic Precipitator|Wet Scrubber","ARP, CSNOX, CSOSG2E, CSSO2G1, MATS"
138,28,1,2026,NULL,1807320,NULL,17375100,1779220,509.911,881.948,"Wet Limestone","Low NOx Burner Technology (Dry Bottom only)|Selective Catalytic Reduction","Baghouse|Electrostatic Precipitator|Wet Scrubber","ARP, CSNOX, CSOSG2E, CSSO2G1, MATS"
139,29,1,2022,NULL,NULL,NULL,17520,NULL,0.006,6.132,NULL,NULL,NULL,"CSNOX, CSOSG3, CSSO2G1"
140,29,1,2023,NULL,NULL,NULL,876,NULL,0,0.307,NULL,NULL,NULL,"CSNOX, CSOSG2E, CSSO2G1"
141,29,1,2024,NULL,NULL,NULL,3942,NULL,0.001,1.38,NULL,NULL,NULL,"CSNOX, CSOSG2E, CSSO2G1"
142,29,1,2025,NULL,NULL,NULL,4380,NULL,0.002,1.533,NULL,NULL,NULL,"CSNOX, CSOSG2E, CSSO2G1"
143,29,1,2026,NULL,NULL,NULL,10950,NULL,0.004,3.833,NULL,NULL,NULL,"CSNOX, CSOSG2E, CSSO2G1"
144,30,1,2022,NULL,94957.5,NULL,1011260,60097.3,0.303,48.946,NULL,"Dry Low NOx Burners",NULL,"ARP, CSNOX, CSOSG3, CSSO2G1"
145,30,1,2023,NULL,27884.2,NULL,294858,17523.2,0.088,11.163,NULL,"Dry Low NOx Burners",NULL,"ARP, CSNOX, CSOSG2E, CSSO2G1"
146,30,1,2024,NULL,79612,NULL,814072,48379.1,0.244,30.146,NULL,"Dry Low NOx Burners",NULL,"ARP, CSNOX, CSOSG2E, CSSO2G1"
147,30,1,2025,NULL,69421.1,NULL,800229,47556.3,0.24,29.52,NULL,"Dry Low NOx Burners",NULL,"ARP, CSNOX, CSOSG2E, CSSO2G1"
148,30,1,2026,NULL,59500.9,NULL,639484,38003.1,0.192,23.153,NULL,"Dry Low NOx Burners",NULL,"ARP, CSNOX, CSOSG2E, CSSO2G1"
149,31,1,2022,NULL,2374210,NULL,15993100,950443,4.798,159.945,NULL,"Dry Low NOx Burners|Selective Catalytic Reduction",NULL,"ARP, CSNOX, CSOSG3, CSSO2G1, NSPS4T"
150,31,1,2023,NULL,2051320,NULL,13702200,814303,4.111,119.736,NULL,"Dry Low NOx Burners|Selective Catalytic Reduction",NULL,"ARP, CSNOX, CSOSG2E, CSSO2G1, NSPS4T"
151,31,1,2024,NULL,2075680,NULL,14303000,850006,4.291,140.757,NULL,"Dry Low NOx Burners|Selective Catalytic Reduction",NULL,"ARP, CSNOX, CSOSG2E, CSSO2G1, NSPS4T"
152,31,1,2025,NULL,2405990,NULL,16294200,968347,4.888,160.87,NULL,"Dry Low NOx Burners|Selective Catalytic Reduction",NULL,"ARP, CSNOX, CSOSG2E, CSSO2G1, NSPS4T"
153,31,1,2026,NULL,1112100,NULL,7504980,446007,2.252,85.596,NULL,"Dry Low NOx Burners|Selective Catalytic Reduction",NULL,"ARP, CSNOX, CSOSG2E, CSSO2G1, NSPS4T"
154,32,1,2022,NULL,2324690,NULL,15663000,930828,4.699,148.577,NULL,"Dry Low NOx Burners|Selective Catalytic Reduction",NULL,"ARP, CSNOX, CSOSG3, CSSO2G1, NSPS4T"
155,32,1,2023,NULL,2471610,NULL,16578300,985226,4.974,155.15,NULL,"Dry Low NOx Burners|Selective Catalytic Reduction",NULL,"ARP, CSNOX, CSOSG2E, CSSO2G1, NSPS4T"
156,32,1,2024,NULL,1958240,NULL,13369900,794556,4.011,110.887,NULL,"Dry Low NOx Burners|Selective Catalytic Reduction",NULL,"ARP, CSNOX, CSOSG2E, CSSO2G1, NSPS4T"
157,32,1,2025,NULL,2445940,NULL,16592600,986076,4.978,158.739,NULL,"Dry Low NOx Burners|Selective Catalytic Reduction",NULL,"ARP, CSNOX, CSOSG2E, CSSO2G1, NSPS4T"
158,32,1,2026,NULL,1092860,NULL,7296660,433630,2.189,74.755,NULL,"Dry Low NOx Burners|Selective Catalytic Reduction",NULL,"ARP, CSNOX, CSOSG2E, CSSO2G1, NSPS4T"
159,33,1,2022,NULL,2335540,NULL,15732600,934960,4.72,151.965,NULL,"Dry Low NOx Burners|Selective Catalytic Reduction",NULL,"ARP, CSNOX, CSOSG3, CSSO2G1, NSPS4T"
160,33,1,2023,NULL,2469430,NULL,16638300,988786,4.992,159.136,NULL,"Dry Low NOx Burners|Selective Catalytic Reduction",NULL,"ARP, CSNOX, CSOSG2E, CSSO2G1, NSPS4T"
161,33,1,2024,NULL,2051290,NULL,14085900,837110,4.226,116.555,NULL,"Dry Low NOx Burners|Selective Catalytic Reduction",NULL,"ARP, CSNOX, CSOSG2E, CSSO2G1, NSPS4T"
162,33,1,2025,NULL,2454480,NULL,16533500,982562,4.96,159.728,NULL,"Dry Low NOx Burners|Selective Catalytic Reduction",NULL,"ARP, CSNOX, CSOSG2E, CSSO2G1, NSPS4T"
163,33,1,2026,NULL,1118460,NULL,7524900,447197,2.258,83.418,NULL,"Dry Low NOx Burners|Selective Catalytic Reduction",NULL,"ARP, CSNOX, CSOSG2E, CSSO2G1, NSPS4T"
164,34,1,2024,NULL,586876,NULL,6321060,375650,1.896,87.745,NULL,"Dry Low NOx Burners",NULL,"ARP, CSNOX, CSOSG2E, CSSO2G1, NSPS4T"
165,34,1,2025,NULL,355328,NULL,3818510,226928,1.146,53.602,NULL,"Dry Low NOx Burners",NULL,"ARP, CSNOX, CSOSG2E, CSSO2G1, NSPS4T"
166,34,1,2026,NULL,166522,NULL,1809450,107533,0.543,29.984,NULL,"Dry Low NOx Burners",NULL,"ARP, CSNOX, CSOSG2E, CSSO2G1, NSPS4T"
167,35,1,2024,NULL,582913,NULL,6262020,372142,1.879,92.747,NULL,"Dry Low NOx Burners",NULL,"ARP, CSNOX, CSOSG2E, CSSO2G1, NSPS4T"
168,35,1,2025,NULL,356950,NULL,3843280,228403,1.153,56.368,NULL,"Dry Low NOx Burners",NULL,"ARP, CSNOX, CSOSG2E, CSSO2G1, NSPS4T"
169,35,1,2026,NULL,150224,NULL,1623810,96501.7,0.487,26.7,NULL,"Dry Low NOx Burners",NULL,"ARP, CSNOX, CSOSG2E, CSSO2G1, NSPS4T"
170,36,1,2024,NULL,582372,NULL,6283860,373441,1.885,93.558,NULL,"Dry Low NOx Burners",NULL,"ARP, CSNOX, CSOSG2E, CSSO2G1, NSPS4T"
171,36,1,2025,NULL,353207,NULL,3803960,226063,1.141,56.285,NULL,"Dry Low NOx Burners",NULL,"ARP, CSNOX, CSOSG2E, CSSO2G1, NSPS4T"
172,36,1,2026,NULL,164706,NULL,1788940,106316,0.537,29.788,NULL,"Dry Low NOx Burners",NULL,"ARP, CSNOX, CSOSG2E, CSSO2G1, NSPS4T"
173,37,1,2022,NULL,733846,NULL,8011410,840236,1246.61,657.937,"Dry Lime FGD","Low NOx Burner Technology (Dry Bottom only)|Selective Catalytic Reduction",Baghouse,"ARP, CSNOX, CSOSG3, CSSO2G1, MATS"
174,37,1,2023,NULL,587755,NULL,6628380,695184,1000.89,567.143,"Dry Lime FGD","Low NOx Burner Technology (Dry Bottom only)|Selective Catalytic Reduction",Baghouse,"ARP, CSNOX, CSOSG2E, CSSO2G1, MATS"
175,37,1,2024,NULL,772614,NULL,8476780,889043,1222.21,731.903,"Dry Lime FGD","Low NOx Burner Technology (Dry Bottom only)|Selective Catalytic Reduction",Baghouse,"ARP, CSNOX, CSOSG2E, CSSO2G1, MATS"
176,37,1,2025,NULL,842121,NULL,8861920,929437,1271.95,445.597,"Dry Lime FGD","Low NOx Burner Technology (Dry Bottom only)|Selective Catalytic Reduction",Baghouse,"ARP, CSNOX, CSOSG2E, CSSO2G1, MATS"
177,37,1,2026,NULL,469757,NULL,4949980,519155,701.996,251.66,"Dry Lime FGD","Low NOx Burner Technology (Dry Bottom only)|Selective Catalytic Reduction",Baghouse,"ARP, CSNOX, CSOSG2E, CSSO2G1, MATS"
178,38,1,2022,NULL,756017,NULL,8166580,856510,1431.1,743.59,NULL,"Low NOx Burner Technology (Dry Bottom only)",Baghouse,"ARP, CSNOX, CSOSG3, CSSO2G1, MATS"
179,38,1,2023,NULL,559812,NULL,6280320,658680,980.556,546.852,NULL,"Low NOx Burner Technology (Dry Bottom only)",Baghouse,"ARP, CSNOX, CSOSG2E, CSSO2G1, MATS"
180,38,1,2024,NULL,770076,NULL,8400780,881073,1292.44,768.14,NULL,"Low NOx Burner Technology (Dry Bottom only)",Baghouse,"ARP, CSNOX, CSOSG2E, CSSO2G1, MATS"
181,38,1,2025,NULL,824525,NULL,8671000,909415,1294.27,451.453,NULL,"Low NOx Burner Technology (Dry Bottom only)",Baghouse,"ARP, CSNOX, CSOSG2E, CSSO2G1, MATS"
182,38,1,2026,NULL,286190,NULL,3016830,316406,453.969,144.271,NULL,"Low NOx Burner Technology (Dry Bottom only)",Baghouse,"ARP, CSNOX, CSOSG2E, CSSO2G1, MATS"
183,39,1,2022,NULL,778380,NULL,8419320,883018,1462.42,765.165,NULL,"Low NOx Burner Technology (Dry Bottom only)",Baghouse,"ARP, CSNOX, CSOSG3, CSSO2G1, MATS"
184,39,1,2023,NULL,571039,NULL,6413510,672649,1003.44,560.043,NULL,"Low NOx Burner Technology (Dry Bottom only)",Baghouse,"ARP, CSNOX, CSOSG2E, CSSO2G1, MATS"
185,39,1,2024,NULL,633581,NULL,6968900,730898,1067.7,645.974,NULL,"Low NOx Burner Technology (Dry Bottom only)",Baghouse,"ARP, CSNOX, CSOSG2E, CSSO2G1, MATS"
186,39,1,2025,NULL,1018380,NULL,10736900,1126080,1593.23,555.461,NULL,"Low NOx Burner Technology (Dry Bottom only)",Baghouse,"ARP, CSNOX, CSOSG2E, CSSO2G1, MATS"
187,39,1,2026,NULL,480867,NULL,5071420,531891,721.471,258.936,NULL,"Low NOx Burner Technology (Dry Bottom only)",Baghouse,"ARP, CSNOX, CSOSG2E, CSSO2G1, MATS"
188,40,1,2022,NULL,759850,NULL,8263350,866659,1306.97,683.594,"Dry Lime FGD","Low NOx Burner Technology (Dry Bottom only)|Selective Catalytic Reduction",Baghouse,"ARP, CSNOX, CSOSG3, CSSO2G1, MATS"
189,40,1,2023,NULL,614446,NULL,6906840,724389,1058.59,593.062,"Dry Lime FGD","Low NOx Burner Technology (Dry Bottom only)|Selective Catalytic Reduction",Baghouse,"ARP, CSNOX, CSOSG2E, CSSO2G1, MATS"
190,40,1,2024,NULL,646310,NULL,7086860,743270,1000.95,599.997,"Dry Lime FGD","Low NOx Burner Technology (Dry Bottom only)|Selective Catalytic Reduction",Baghouse,"ARP, CSNOX, CSOSG2E, CSSO2G1, MATS"
191,40,1,2025,NULL,1027440,NULL,10822500,1135060,1585.96,563.748,"Dry Lime FGD","Low NOx Burner Technology (Dry Bottom only)|Selective Catalytic Reduction",Baghouse,"ARP, CSNOX, CSOSG2E, CSSO2G1, MATS"
192,40,1,2026,NULL,481997,NULL,5085060,533321,719.775,258.556,"Dry Lime FGD","Low NOx Burner Technology (Dry Bottom only)|Selective Catalytic Reduction",Baghouse,"ARP, CSNOX, CSOSG2E, CSSO2G1, MATS"
193,41,1,2022,NULL,808954,NULL,8745800,917259,1527.38,798.784,NULL,"Low NOx Burner Technology (Dry Bottom only)",Baghouse,"ARP, CSNOX, CSOSG3, CSSO2G1, MATS"
194,41,1,2023,NULL,535485,NULL,6091940,638922,961.174,539.408,NULL,"Low NOx Burner Technology (Dry Bottom only)",Baghouse,"ARP, CSNOX, CSOSG2E, CSSO2G1, MATS"
195,41,1,2024,NULL,794151,NULL,8684880,910869,1322.41,787.683,NULL,"Low NOx Burner Technology (Dry Bottom only)",Baghouse,"ARP, CSNOX, CSOSG2E, CSSO2G1, MATS"
196,41,1,2025,NULL,925748,NULL,9746030,1022160,1447.97,528.04,NULL,"Low NOx Burner Technology (Dry Bottom only)",Baghouse,"ARP, CSNOX, CSOSG2E, CSSO2G1, MATS"
197,41,1,2026,NULL,388590,NULL,4103410,430365,594.785,226.094,NULL,"Low NOx Burner Technology (Dry Bottom only)",Baghouse,"ARP, CSNOX, CSOSG2E, CSSO2G1, MATS"
198,42,1,2022,NULL,793536,NULL,8639910,906153,2126.05,1042.98,NULL,"Low NOx Burner Technology (Dry Bottom only)",Baghouse,"ARP, CSNOX, CSOSG3, CSSO2G1, MATS"
199,42,1,2023,NULL,656831,NULL,7401000,776215,1730.83,876.524,NULL,"Low NOx Burner Technology (Dry Bottom only)",Baghouse,"ARP, CSNOX, CSOSG2E, CSSO2G1, MATS"
200,42,1,2024,NULL,683224,NULL,7615580,798722,1636.4,727.187,NULL,"Low NOx Burner Technology (Dry Bottom only)",Baghouse,"ARP, CSNOX, CSOSG2E, CSSO2G1, MATS"
201,42,1,2025,NULL,994022,NULL,10848500,1137790,2360.32,832.071,NULL,"Low NOx Burner Technology (Dry Bottom only)",Baghouse,"ARP, CSNOX, CSOSG2E, CSSO2G1, MATS"
202,42,1,2026,NULL,428208,NULL,4583130,480678,1036.3,384.305,NULL,"Low NOx Burner Technology (Dry Bottom only)",Baghouse,"ARP, CSNOX, CSOSG2E, CSSO2G1, MATS"
203,43,1,2022,NULL,537544,NULL,5940130,623002,1443.16,698.477,NULL,"Low NOx Burner Technology (Dry Bottom only)",Baghouse,"ARP, CSNOX, CSOSG3, CSSO2G1, MATS"
204,43,1,2023,NULL,661477,NULL,7480170,784519,1750.63,886.841,NULL,"Low NOx Burner Technology (Dry Bottom only)",Baghouse,"ARP, CSNOX, CSOSG2E, CSSO2G1, MATS"
205,43,1,2024,NULL,728757,NULL,8121500,851782,1741.7,759.635,NULL,"Low NOx Burner Technology (Dry Bottom only)|Selective Catalytic Reduction (Began Jun 17, 2024)",Baghouse,"ARP, CSNOX, CSOSG2E, CSSO2G1, MATS"
206,43,1,2025,NULL,806056,NULL,8811780,924178,1946.71,633.317,NULL,"Low NOx Burner Technology (Dry Bottom only)|Selective Catalytic Reduction",Baghouse,"ARP, CSNOX, CSOSG2E, CSSO2G1, MATS"
207,43,1,2026,NULL,422166,NULL,4495980,471538,1024.47,355.831,NULL,"Low NOx Burner Technology (Dry Bottom only)|Selective Catalytic Reduction",Baghouse,"ARP, CSNOX, CSOSG2E, CSSO2G1, MATS"
208,44,1,2022,NULL,730634,NULL,8010590,840151,1954.56,952.61,NULL,"Low NOx Burner Technology (Dry Bottom only)",Baghouse,"ARP, CSNOX, CSOSG3, CSSO2G1, MATS"
209,44,1,2023,NULL,568815,NULL,6461340,677664,1509.98,765.795,NULL,"Low NOx Burner Technology (Dry Bottom only)",Baghouse,"ARP, CSNOX, CSOSG2E, CSSO2G1, MATS"
210,44,1,2024,NULL,684287,NULL,7629870,800220,1672.17,760.102,NULL,"Low NOx Burner Technology (Dry Bottom only)",Baghouse,"ARP, CSNOX, CSOSG2E, CSSO2G1, MATS"
211,44,1,2025,NULL,944164,NULL,10316300,1081970,2241.53,772.723,NULL,"Low NOx Burner Technology (Dry Bottom only)",Baghouse,"ARP, CSNOX, CSOSG2E, CSSO2G1, MATS"
212,44,1,2026,NULL,263899,NULL,2773360,290869,657.65,214.994,NULL,"Low NOx Burner Technology (Dry Bottom only)",Baghouse,"ARP, CSNOX, CSOSG2E, CSSO2G1, MATS"
213,45,1,2022,NULL,676706,NULL,7377260,773728,1827.36,881.377,NULL,"Low NOx Burner Technology (Dry Bottom only)",Baghouse,"ARP, CSNOX, CSOSG3, CSSO2G1, MATS"
214,45,1,2023,NULL,630243,NULL,7117690,746502,1664.14,842.581,NULL,"Low NOx Burner Technology (Dry Bottom only)",Baghouse,"ARP, CSNOX, CSOSG2E, CSSO2G1, MATS"
215,45,1,2024,NULL,661365,NULL,7368580,772817,1594.83,728.138,NULL,"Low NOx Burner Technology (Dry Bottom only)",Baghouse,"ARP, CSNOX, CSOSG2E, CSSO2G1, MATS"
216,45,1,2025,NULL,794998,NULL,8644430,906628,1863.38,687.593,NULL,"Low NOx Burner Technology (Dry Bottom only)",Baghouse,"ARP, CSNOX, CSOSG2E, CSSO2G1, MATS"
217,45,1,2026,NULL,291192,NULL,3064450,321399,724.934,241.337,NULL,"Low NOx Burner Technology (Dry Bottom only)",Baghouse,"ARP, CSNOX, CSOSG2E, CSSO2G1, MATS"
218,46,1,2022,NULL,1378,NULL,21123.7,NULL,0.634,7.393,NULL,NULL,NULL,"CSNOX, CSOSG3, CSSO2G1"
219,46,1,2023,NULL,8152,NULL,139662,NULL,4.19,48.881,NULL,NULL,NULL,"CSNOX, CSOSG2E, CSSO2G1"
220,46,1,2024,NULL,21613,NULL,404014,NULL,12.119,141.406,NULL,NULL,NULL,"CSNOX, CSOSG2E, CSSO2G1"
221,46,1,2025,NULL,NULL,NULL,NULL,NULL,NULL,NULL,NULL,NULL,NULL,"CSNOX, CSOSG2E, CSSO2G1"
222,46,1,2026,NULL,NULL,NULL,NULL,NULL,NULL,NULL,NULL,NULL,NULL,"CSNOX, CSOSG2E, CSSO2G1"
223,47,1,2022,NULL,162972,NULL,1598050,163960,87.939,156.966,"Dry Lime FGD","Low NOx Burner Technology (Dry Bottom only)","Electrostatic Precipitator|Baghouse","ARP, CSNOX, CSOSG3, CSSO2G1, MATS"
224,47,1,2023,NULL,78897.5,NULL,775972,79614.4,61.124,68.812,"Dry Lime FGD","Low NOx Burner Technology (Dry Bottom only)","Electrostatic Precipitator|Baghouse","ARP, CSNOX, CSOSG2E, CSSO2G1, MATS"
225,47,1,2024,NULL,138977,NULL,1394410,143065,68.087,135.795,"Dry Lime FGD","Low NOx Burner Technology (Dry Bottom only)","Electrostatic Precipitator|Baghouse","ARP, CSNOX, CSOSG2E, CSSO2G1, MATS"
226,47,1,2025,NULL,166246,NULL,1642880,168560,61.614,159.253,"Dry Lime FGD","Low NOx Burner Technology (Dry Bottom only)","Electrostatic Precipitator|Baghouse","ARP, CSNOX, CSOSG2E, CSSO2G1, MATS"
227,47,1,2026,NULL,76979.1,NULL,734362,75345.9,77.307,85.071,"Dry Lime FGD","Low NOx Burner Technology (Dry Bottom only)","Electrostatic Precipitator|Baghouse","ARP, CSNOX, CSOSG2E, CSSO2G1, MATS"
228,48,1,2022,NULL,452883,NULL,4364540,447801,66.896,223.973,"Dry Lime FGD","Low NOx Burner Technology (Dry Bottom only)|Selective Catalytic Reduction",Baghouse,"ARP, CSNOX, CSOSG3, CSSO2G1, MATS"
229,48,1,2023,NULL,460238,NULL,4397800,451216,87.961,171.989,"Dry Lime FGD","Low NOx Burner Technology (Dry Bottom only)|Selective Catalytic Reduction",Baghouse,"ARP, CSNOX, CSOSG2E, CSSO2G1, MATS"
230,48,1,2024,NULL,365122,NULL,3610950,370482,66.14,196.978,"Dry Lime FGD","Low NOx Burner Technology (Dry Bottom only)|Selective Catalytic Reduction",Baghouse,"ARP, CSNOX, CSOSG2E, CSSO2G1, MATS"
231,48,1,2025,NULL,419619,NULL,4077320,418332,78.517,250.578,"Dry Lime FGD","Low NOx Burner Technology (Dry Bottom only)|Selective Catalytic Reduction",Baghouse,"ARP, CSNOX, CSOSG2E, CSSO2G1, MATS"
232,48,1,2026,NULL,299424,NULL,2803450,287632,67.446,131.22,"Dry Lime FGD","Low NOx Burner Technology (Dry Bottom only)|Selective Catalytic Reduction",Baghouse,"ARP, CSNOX, CSOSG2E, CSSO2G1, MATS"
233,49,1,2022,NULL,3072550,NULL,33191800,3405480,1823.71,2178.18,"Wet Lime FGD","Selective Catalytic Reduction|Overfire Air","Electrostatic Precipitator|Wet Scrubber","ARP, CSNOX, CSOSG3, CSSO2G1, MATS"
234,49,1,2023,NULL,2456360,NULL,26581400,2727240,1562.31,1410.02,"Wet Lime FGD","Selective Catalytic Reduction|Overfire Air","Electrostatic Precipitator|Wet Scrubber","ARP, CSNOX, CSOSG2E, CSSO2G1, MATS"
235,49,1,2024,NULL,2519810,NULL,27077000,2778100,1813.62,2094.27,"Wet Lime FGD","Selective Catalytic Reduction|Overfire Air","Electrostatic Precipitator|Wet Scrubber","ARP, CSNOX, CSOSG2E, CSSO2G1, MATS"
236,49,1,2025,NULL,2875020,NULL,29657900,3042900,1901.78,2957.65,"Wet Lime FGD","Selective Catalytic Reduction|Overfire Air","Electrostatic Precipitator|Wet Scrubber","ARP, CSNOX, CSOSG2E, CSSO2G1, MATS"
237,49,1,2026,NULL,1815580,NULL,18478000,1895840,1035.02,2045.73,"Wet Lime FGD","Selective Catalytic Reduction|Overfire Air","Electrostatic Precipitator|Wet Scrubber","ARP, CSNOX, CSOSG2E, CSSO2G1, MATS"
238,50,1,2022,NULL,1874240,NULL,17968400,1843550,735.743,737.103,"Wet Limestone","Selective Catalytic Reduction|Low NOx Burner Technology (Dry Bottom only)","Electrostatic Precipitator|Wet ESP|Wet Scrubber","ARP, CSNOX, CSOSG3, CSSO2G1, MATS"
239,50,1,2023,NULL,1485260,NULL,14392900,1476700,525.018,603.083,"Wet Limestone","Selective Catalytic Reduction|Low NOx Burner Technology (Dry Bottom only)","Electrostatic Precipitator|Wet ESP|Wet Scrubber","ARP, CSNOX, CSOSG2E, CSSO2G1, MATS"
240,50,1,2024,NULL,1986780,NULL,19003500,1949760,621.394,837.459,"Wet Limestone","Selective Catalytic Reduction|Low NOx Burner Technology (Dry Bottom only)","Electrostatic Precipitator|Wet ESP|Wet Scrubber","ARP, CSNOX, CSOSG2E, CSSO2G1, MATS"
241,50,1,2025,NULL,2164700,NULL,20162600,2068690,946.374,867.07,"Wet Limestone","Selective Catalytic Reduction|Low NOx Burner Technology (Dry Bottom only)","Electrostatic Precipitator|Wet ESP|Wet Scrubber","ARP, CSNOX, CSOSG2E, CSSO2G1, MATS"
242,50,1,2026,NULL,1009520,NULL,9514490,976189,185.128,420.331,"Wet Limestone","Selective Catalytic Reduction|Low NOx Burner Technology (Dry Bottom only)","Electrostatic Precipitator|Wet ESP|Wet Scrubber","ARP, CSNOX, CSOSG2E, CSSO2G1, MATS"
243,51,1,2022,NULL,3564560,NULL,35547100,3647130,1281.25,1416.32,"Wet Limestone","Selective Catalytic Reduction|Low NOx Burner Technology w/ Closed-coupled OFA","Wet ESP|Wet Scrubber|Electrostatic Precipitator","ARP, CSNOX, CSOSG3, CSSO2G1, MATS"
244,51,1,2023,NULL,3110380,NULL,31808600,3263560,1735.45,1392.12,"Wet Limestone","Selective Catalytic Reduction|Low NOx Burner Technology w/ Closed-coupled OFA","Wet ESP|Wet Scrubber|Electrostatic Precipitator","ARP, CSNOX, CSOSG2E, CSSO2G1, MATS"
245,51,1,2024,NULL,2886360,NULL,29738600,3051180,1389.89,1306.78,"Wet Limestone","Selective Catalytic Reduction|Low NOx Burner Technology w/ Closed-coupled OFA","Wet ESP|Wet Scrubber|Electrostatic Precipitator","ARP, CSNOX, CSOSG2E, CSSO2G1, MATS"
246,51,1,2025,NULL,3465340,NULL,35746400,3667590,1329.35,1534.32,"Wet Limestone","Selective Catalytic Reduction|Low NOx Burner Technology w/ Closed-coupled OFA","Wet ESP|Wet Scrubber|Electrostatic Precipitator","ARP, CSNOX, CSOSG2E, CSSO2G1, MATS"
247,51,1,2026,NULL,1469280,NULL,14838100,1522390,524.611,648.845,"Wet Limestone","Selective Catalytic Reduction|Low NOx Burner Technology w/ Closed-coupled OFA","Wet ESP|Wet Scrubber|Electrostatic Precipitator","ARP, CSNOX, CSOSG2E, CSSO2G1, MATS"
248,52,1,2022,NULL,1903990,NULL,17164300,1761060,1080.64,555.809,"Dry Lime FGD|Fluidized Bed Limestone Injection","Selective Non-catalytic Reduction",Baghouse,"ARP, CSNOX, CSOSG3, CSSO2G1, MATS"
249,52,1,2023,NULL,1868720,NULL,16687300,1712120,1100.6,531.81,"Dry Lime FGD|Fluidized Bed Limestone Injection","Selective Non-catalytic Reduction",Baghouse,"ARP, CSNOX, CSOSG2E, CSSO2G1, MATS"
250,52,1,2024,NULL,1753730,NULL,15910900,1632450,1077.1,497.239,"Dry Lime FGD|Fluidized Bed Limestone Injection","Selective Non-catalytic Reduction",Baghouse,"ARP, CSNOX, CSOSG2E, CSSO2G1, MATS"
251,52,1,2025,NULL,1958070,NULL,18201200,1867440,1282.75,573.203,"Dry Lime FGD|Fluidized Bed Limestone Injection","Selective Non-catalytic Reduction",Baghouse,"ARP, CSNOX, CSOSG2E, CSSO2G1, MATS"
252,52,1,2026,NULL,877620,NULL,8185920,839876,526.918,266.806,"Dry Lime FGD|Fluidized Bed Limestone Injection","Selective Non-catalytic Reduction",Baghouse,"ARP, CSNOX, CSOSG2E, CSSO2G1, MATS"
253,53,1,2022,NULL,2013580,NULL,17073100,1751710,758.205,512.323,"Dry Lime FGD|Fluidized Bed Limestone Injection","Selective Non-catalytic Reduction",Baghouse,"ARP, CSNOX, CSOSG3, CSSO2G1, MATS"
254,53,1,2023,NULL,1911080,NULL,16139300,1655900,722.967,500.744,"Dry Lime FGD|Fluidized Bed Limestone Injection","Selective Non-catalytic Reduction",Baghouse,"ARP, CSNOX, CSOSG2E, CSSO2G1, MATS"
255,53,1,2024,NULL,1882730,NULL,16136900,1655650,814.95,497.302,"Dry Lime FGD|Fluidized Bed Limestone Injection","Selective Non-catalytic Reduction",Baghouse,"ARP, CSNOX, CSOSG2E, CSSO2G1, MATS"
256,53,1,2025,NULL,2174150,NULL,18929100,1942120,1035.07,580.518,"Dry Lime FGD|Fluidized Bed Limestone Injection","Selective Non-catalytic Reduction",Baghouse,"ARP, CSNOX, CSOSG2E, CSSO2G1, MATS"
257,53,1,2026,NULL,1190960,NULL,10249000,1051540,481.096,308.876,"Dry Lime FGD|Fluidized Bed Limestone Injection","Selective Non-catalytic Reduction",Baghouse,"ARP, CSNOX, CSOSG2E, CSSO2G1, MATS"
258,54,1,2022,NULL,3812770,NULL,34063000,3494870,2068.38,1137.48,"Wet Limestone","Low NOx Burner Technology w/ Closed-coupled OFA|Selective Catalytic Reduction","Baghouse|Electrostatic Precipitator|Wet Scrubber","ARP, CSNOX, CSOSG3, CSSO2G1, MATS"
259,54,1,2023,NULL,3591530,NULL,31921000,3275100,1555.35,1046.03,"Wet Limestone","Low NOx Burner Technology w/ Closed-coupled OFA|Selective Catalytic Reduction","Baghouse|Electrostatic Precipitator|Wet Scrubber","ARP, CSNOX, CSOSG2E, CSSO2G1, MATS"
260,54,1,2024,NULL,3832840,NULL,34270700,3516170,2347.49,1276.39,"Wet Limestone","Low NOx Burner Technology w/ Closed-coupled OFA|Selective Catalytic Reduction","Baghouse|Electrostatic Precipitator|Wet Scrubber","ARP, CSNOX, CSOSG2E, CSSO2G1, MATS"
261,54,1,2025,NULL,3758560,NULL,33145000,3400680,2619.71,1187.59,"Wet Limestone","Low NOx Burner Technology w/ Closed-coupled OFA|Selective Catalytic Reduction","Baghouse|Electrostatic Precipitator|Wet Scrubber","ARP, CSNOX, CSOSG2E, CSSO2G1, MATS"
262,54,1,2026,NULL,677332,NULL,6090860,624924,497.77,224.363,"Wet Limestone","Low NOx Burner Technology w/ Closed-coupled OFA|Selective Catalytic Reduction","Baghouse|Electrostatic Precipitator|Wet Scrubber","ARP, CSNOX, CSOSG2E, CSSO2G1, MATS"
263,55,1,2022,NULL,452700,NULL,4980150,295963,1.494,82.788,NULL,"Dry Low NOx Burners",NULL,"ARP, CSNOX, CSOSG3, CSSO2G1"
264,55,1,2023,NULL,76267.2,NULL,810010,48138.8,0.243,13.843,NULL,"Dry Low NOx Burners",NULL,"ARP, CSNOX, CSOSG2E, CSSO2G1"
265,55,1,2024,NULL,162682,NULL,1727280,102649,0.518,31.465,NULL,"Dry Low NOx Burners",NULL,"ARP, CSNOX, CSOSG2E, CSSO2G1"
266,55,1,2025,NULL,67521.3,NULL,779162,46305,0.234,12.688,NULL,"Dry Low NOx Burners",NULL,"ARP, CSNOX, CSOSG2E, CSSO2G1"
267,55,1,2026,NULL,79811.5,NULL,891720,52993.6,0.268,15.965,NULL,"Dry Low NOx Burners",NULL,"ARP, CSNOX, CSOSG2E, CSSO2G1"
268,56,1,2022,NULL,5274840,NULL,44748900,4693270,1436.39,766.804,"Wet Limestone","Selective Catalytic Reduction","Baghouse|Electrostatic Precipitator|Wet ESP|Wet Scrubber","ARP, CSNOX, CSOSG3, CSSO2G1, MATS"
269,56,1,2023,NULL,4614180,NULL,39091700,4099940,1275.69,764.838,"Wet Limestone","Selective Catalytic Reduction","Baghouse|Electrostatic Precipitator|Wet ESP|Wet Scrubber","ARP, CSNOX, CSOSG2E, CSSO2G1, MATS"
270,56,1,2024,NULL,4324900,NULL,36747600,3854100,1206.17,788.876,"Wet Limestone","Selective Catalytic Reduction","Baghouse|Electrostatic Precipitator|Wet ESP|Wet Scrubber","ARP, CSNOX, CSOSG2E, CSSO2G1, MATS"
271,56,1,2025,NULL,4808520,NULL,40531800,4250980,1494.03,777.4,"Wet Limestone","Selective Catalytic Reduction","Baghouse|Electrostatic Precipitator|Wet ESP|Wet Scrubber","ARP, CSNOX, CSOSG2E, CSSO2G1, MATS"
272,56,1,2026,NULL,2525370,NULL,21158800,2219140,608.006,426.406,"Wet Limestone","Selective Catalytic Reduction","Baghouse|Electrostatic Precipitator|Wet ESP|Wet Scrubber","ARP, CSNOX, CSOSG2E, CSSO2G1, MATS"
273,57,1,2022,NULL,286565,NULL,3187120,189406,0.956,52.278,NULL,"Dry Low NOx Burners",NULL,"ARP, CSNOX, CSOSG3, CSSO2G1"
274,57,1,2023,NULL,33190.5,NULL,362919,21567.3,0.109,7.674,NULL,"Dry Low NOx Burners",NULL,"ARP, CSNOX, CSOSG2E, CSSO2G1"
275,57,1,2024,NULL,182709,NULL,1967010,116897,0.59,37.41,NULL,"Dry Low NOx Burners",NULL,"ARP, CSNOX, CSOSG2E, CSSO2G1"
276,57,1,2025,NULL,212852,NULL,2541030,151009,0.762,42.099,NULL,"Dry Low NOx Burners",NULL,"ARP, CSNOX, CSOSG2E, CSSO2G1"
277,57,1,2026,NULL,234549,NULL,2584590,153598,0.775,49.349,NULL,"Dry Low NOx Burners",NULL,"ARP, CSNOX, CSOSG2E, CSSO2G1"
278,58,1,2022,NULL,224465,NULL,2562730,152300,0.769,41.408,NULL,"Dry Low NOx Burners",NULL,"ARP, CSNOX, CSOSG3, CSSO2G1"
279,58,1,2023,NULL,134579,NULL,1470760,87405.7,0.441,24.742,NULL,"Dry Low NOx Burners",NULL,"ARP, CSNOX, CSOSG2E, CSSO2G1"
280,58,1,2024,NULL,185841,NULL,2021530,120137,0.607,36.976,NULL,"Dry Low NOx Burners",NULL,"ARP, CSNOX, CSOSG2E, CSSO2G1"
281,58,1,2025,NULL,117170,NULL,1377600,81868.8,0.413,22.562,NULL,"Dry Low NOx Burners",NULL,"ARP, CSNOX, CSOSG2E, CSSO2G1"
282,58,1,2026,NULL,90965,NULL,1014560,60293.4,0.304,19.276,NULL,"Dry Low NOx Burners",NULL,"ARP, CSNOX, CSOSG2E, CSSO2G1"
283,59,1,2022,NULL,449956,NULL,5290580,314399,1.587,91.674,NULL,"Dry Low NOx Burners",NULL,"ARP, CSNOX, CSOSG3, CSSO2G1"
284,59,1,2023,NULL,105344,NULL,1139230,67701.3,0.342,19.921,NULL,"Dry Low NOx Burners",NULL,"ARP, CSNOX, CSOSG2E, CSSO2G1"
285,59,1,2024,NULL,531392,NULL,5654400,336033,1.696,95.03,NULL,"Dry Low NOx Burners",NULL,"ARP, CSNOX, CSOSG2E, CSSO2G1"
286,59,1,2025,NULL,309056,NULL,3675400,218425,1.103,59.516,NULL,"Dry Low NOx Burners",NULL,"ARP, CSNOX, CSOSG2E, CSSO2G1"
287,59,1,2026,NULL,241083,NULL,2651380,157568,0.795,46.847,NULL,"Dry Low NOx Burners",NULL,"ARP, CSNOX, CSOSG2E, CSSO2G1"
288,60,1,2022,NULL,243109,NULL,2718640,161564,0.816,47.669,NULL,"Dry Low NOx Burners",NULL,"ARP, CSNOX, CSOSG3, CSSO2G1"
289,60,1,2023,NULL,34376.1,NULL,368128,21878.1,0.11,5.899,NULL,"Dry Low NOx Burners",NULL,"ARP, CSNOX, CSOSG2E, CSSO2G1"
290,60,1,2024,NULL,77513.4,NULL,863070,51290.8,0.259,16.289,NULL,"Dry Low NOx Burners",NULL,"ARP, CSNOX, CSOSG2E, CSSO2G1"
291,60,1,2025,NULL,69779.2,NULL,817530,48585.6,0.245,14.852,NULL,"Dry Low NOx Burners",NULL,"ARP, CSNOX, CSOSG2E, CSSO2G1"
292,60,1,2026,NULL,133500,NULL,1466960,87179.6,0.44,25.565,NULL,"Dry Low NOx Burners",NULL,"ARP, CSNOX, CSOSG2E, CSSO2G1"
293,61,1,2022,NULL,343594,NULL,3838870,228138,1.152,65.698,NULL,"Dry Low NOx Burners",NULL,"ARP, CSNOX, CSOSG3, CSSO2G1"
294,61,1,2023,NULL,41753.6,NULL,451269,26818.8,0.135,7.836,NULL,"Dry Low NOx Burners",NULL,"ARP, CSNOX, CSOSG2E, CSSO2G1"
295,61,1,2024,NULL,423168,NULL,4507060,267849,1.352,80.144,NULL,"Dry Low NOx Burners",NULL,"ARP, CSNOX, CSOSG2E, CSSO2G1"
296,61,1,2025,NULL,273797,NULL,3267220,194165,0.98,54.167,NULL,"Dry Low NOx Burners",NULL,"ARP, CSNOX, CSOSG2E, CSSO2G1"
297,61,1,2026,NULL,209037,NULL,2332580,138622,0.7,40.993,NULL,"Dry Low NOx Burners",NULL,"ARP, CSNOX, CSOSG2E, CSSO2G1"
298,62,1,2022,NULL,567828,NULL,5957820,499286,693.476,405.582,"Wet Lime FGD (Retired May 18, 2022)","Low NOx Burner Technology (Dry Bottom only) (Retired May 18, 2022)","Electrostatic Precipitator (Retired May 18, 2022)","ARP, CSNOX, CSOSG3, CSSO2G1, MATS"
299,62,1,2023,NULL,164754,NULL,1659450,98617.1,0.498,65.404,NULL,NULL,NULL,"ARP, CSNOX, CSOSG2E, CSSO2G1, MATS"
300,62,1,2024,NULL,450835,NULL,4752330,282427,1.426,196.716,NULL,NULL,NULL,"ARP, CSNOX, CSOSG2E, CSSO2G1, MATS"
301,62,1,2025,NULL,316377,NULL,3302520,196254,0.991,138.323,NULL,NULL,NULL,"ARP, CSNOX, CSOSG2E, CSSO2G1, MATS"
302,62,1,2026,NULL,71404.2,NULL,896894,53303,0.269,38.897,NULL,NULL,NULL,"ARP, CSNOX, CSOSG2E, CSSO2G1, MATS"
303,63,1,2022,NULL,328155,NULL,3851950,293246,286.452,320.815,"Wet Lime FGD (Retired Mar 31, 2022)","Low NOx Burner Technology (Dry Bottom only) (Retired Mar 31, 2022)","Electrostatic Precipitator (Retired Mar 31, 2022)","ARP, CSNOX, CSOSG3, CSSO2G1, MATS"
304,63,1,2023,NULL,31656.4,NULL,326084,19378.3,0.098,14.069,NULL,NULL,NULL,"ARP, CSNOX, CSOSG2E, CSSO2G1, MATS"
305,63,1,2024,NULL,345944,NULL,3772060,224169,1.132,169.302,NULL,NULL,NULL,"ARP, CSNOX, CSOSG2E, CSSO2G1, MATS"
306,63,1,2025,NULL,517865,NULL,5857350,348092,1.757,251.136,NULL,NULL,NULL,"ARP, CSNOX, CSOSG2E, CSSO2G1, MATS"
307,63,1,2026,NULL,89844.5,NULL,1070190,63600.7,0.321,46.626,NULL,NULL,NULL,"ARP, CSNOX, CSOSG2E, CSSO2G1, MATS"
308,64,1,2022,NULL,2606340,NULL,28495100,2923590,6403.83,2006.85,"Wet Limestone","Selective Catalytic Reduction|Low NOx Burner Technology (Dry Bottom only)","Electrostatic Precipitator","ARP, CSNOX, CSOSG3, CSSO2G1, MATS"
309,64,1,2023,NULL,3150840,NULL,34345800,3523880,3108.55,2328.92,"Wet Limestone","Selective Catalytic Reduction|Low NOx Burner Technology (Dry Bottom only)","Electrostatic Precipitator","ARP, CSNOX, CSOSG2E, CSSO2G1, MATS"
310,64,1,2024,NULL,2732020,NULL,28771900,2952000,3017.39,1985.64,"Wet Limestone","Selective Catalytic Reduction|Low NOx Burner Technology (Dry Bottom only)","Electrostatic Precipitator","ARP, CSNOX, CSOSG2E, CSSO2G1, MATS"
311,64,1,2025,NULL,2578370,NULL,28142000,2887360,4478.52,2233.75,"Wet Limestone","Selective Catalytic Reduction|Low NOx Burner Technology (Dry Bottom only)","Electrostatic Precipitator","ARP, CSNOX, CSOSG2E, CSSO2G1, MATS"
312,64,1,2026,NULL,690413,NULL,8163440,837570,682.887,1022.95,"Wet Limestone","Selective Catalytic Reduction|Low NOx Burner Technology (Dry Bottom only)","Electrostatic Precipitator","ARP, CSNOX, CSOSG2E, CSSO2G1, MATS"
313,65,1,2022,NULL,102674,NULL,1150120,69899.9,0.353,30.396,NULL,"Dry Low NOx Burners|Selective Catalytic Reduction",NULL,"ARP, CSNOX, CSOSG3, CSSO2G1"
314,65,1,2023,NULL,14784.5,NULL,173278,10385,0.053,5.892,NULL,"Dry Low NOx Burners|Selective Catalytic Reduction",NULL,"ARP, CSNOX, CSOSG2E, CSSO2G1"
315,65,1,2024,NULL,56380.3,NULL,664504,39515.4,0.198,22.93,NULL,"Dry Low NOx Burners|Selective Catalytic Reduction",NULL,"ARP, CSNOX, CSOSG2E, CSSO2G1"
316,65,1,2025,NULL,91047.1,NULL,1055060,62826.9,0.316,37.591,NULL,"Dry Low NOx Burners|Selective Catalytic Reduction",NULL,"ARP, CSNOX, CSOSG2E, CSSO2G1"
317,65,1,2026,NULL,47110.3,NULL,522218,31276.3,0.158,20.592,NULL,"Dry Low NOx Burners|Selective Catalytic Reduction",NULL,"ARP, CSNOX, CSOSG2E, CSSO2G1"
318,66,1,2022,NULL,97608,NULL,1084710,65879.3,0.335,30.968,NULL,"Dry Low NOx Burners|Selective Catalytic Reduction",NULL,"ARP, CSNOX, CSOSG3, CSSO2G1"
319,66,1,2023,NULL,11058,NULL,127442,7609.33,0.039,4.346,NULL,"Dry Low NOx Burners|Selective Catalytic Reduction",NULL,"ARP, CSNOX, CSOSG2E, CSSO2G1"
320,66,1,2024,NULL,18794,NULL,224402,13383.9,0.067,7.424,NULL,"Dry Low NOx Burners|Selective Catalytic Reduction",NULL,"ARP, CSNOX, CSOSG2E, CSSO2G1"
321,66,1,2025,NULL,77078.4,NULL,887603,52890.3,0.266,33.635,NULL,"Dry Low NOx Burners|Selective Catalytic Reduction",NULL,"ARP, CSNOX, CSOSG2E, CSSO2G1"
322,66,1,2026,NULL,45062.5,NULL,497942,29834.5,0.15,21.742,NULL,"Dry Low NOx Burners|Selective Catalytic Reduction",NULL,"ARP, CSNOX, CSOSG2E, CSSO2G1"
323,67,1,2022,NULL,6983.87,NULL,78640.2,4696.89,0.024,2.204,NULL,"Dry Low NOx Burners",NULL,"ARP, CSNOX, CSOSG3, CSSO2G1"
324,67,1,2023,NULL,11001.8,NULL,129365,7712,0.039,4.397,NULL,"Dry Low NOx Burners",NULL,"ARP, CSNOX, CSOSG2E, CSSO2G1"
325,67,1,2024,NULL,38796.6,NULL,450869,26819.7,0.134,17.94,NULL,"Dry Low NOx Burners",NULL,"ARP, CSNOX, CSOSG2E, CSSO2G1"
326,67,1,2025,NULL,41423.4,NULL,484146,28892.9,0.145,17.161,NULL,"Dry Low NOx Burners",NULL,"ARP, CSNOX, CSOSG2E, CSSO2G1"
327,67,1,2026,NULL,4234.28,NULL,50290.6,3019.56,0.015,1.496,NULL,"Dry Low NOx Burners",NULL,"ARP, CSNOX, CSOSG2E, CSSO2G1"
328,68,1,2022,NULL,136400,NULL,1527320,90767,0.458,41.781,NULL,"Dry Low NOx Burners",NULL,"ARP, CSNOX, CSOSG3, CSSO2G1"
329,68,1,2023,NULL,90065.4,NULL,1030760,61255.7,0.309,28.751,NULL,"Dry Low NOx Burners",NULL,"ARP, CSNOX, CSOSG2E, CSSO2G1"
330,68,1,2024,NULL,143506,NULL,1651150,98126,0.495,44,NULL,"Dry Low NOx Burners",NULL,"ARP, CSNOX, CSOSG2E, CSSO2G1"
331,68,1,2025,NULL,193253,NULL,2191080,130212,0.657,60.371,NULL,"Dry Low NOx Burners",NULL,"ARP, CSNOX, CSOSG2E, CSSO2G1"
332,68,1,2026,NULL,67151.9,NULL,778049,46239.6,0.233,18.668,NULL,"Dry Low NOx Burners",NULL,"ARP, CSNOX, CSOSG2E, CSSO2G1"
333,69,1,2022,NULL,153723,NULL,1717110,102045,0.515,44.052,NULL,"Dry Low NOx Burners",NULL,"ARP, CSNOX, CSOSG3, CSSO2G1"
334,69,1,2023,NULL,106073,NULL,1201230,71387.7,0.36,34.057,NULL,"Dry Low NOx Burners",NULL,"ARP, CSNOX, CSOSG2E, CSSO2G1"
335,69,1,2024,NULL,118633,NULL,1350810,80276.5,0.405,34.184,NULL,"Dry Low NOx Burners",NULL,"ARP, CSNOX, CSOSG2E, CSSO2G1"
336,69,1,2025,NULL,110099,NULL,1218630,72420.7,0.366,31.252,NULL,"Dry Low NOx Burners",NULL,"ARP, CSNOX, CSOSG2E, CSSO2G1"
337,69,1,2026,NULL,68026.9,NULL,779941,46350.8,0.234,21.458,NULL,"Dry Low NOx Burners",NULL,"ARP, CSNOX, CSOSG2E, CSSO2G1"
338,70,1,2022,NULL,101926,NULL,1035140,61517.1,0.311,28.887,NULL,"Dry Low NOx Burners",NULL,"ARP, CSNOX, CSOSG3, CSSO2G1"
339,70,1,2023,NULL,89626.8,NULL,1018910,60552,0.306,28.155,NULL,"Dry Low NOx Burners",NULL,"ARP, CSNOX, CSOSG2E, CSSO2G1"
340,70,1,2024,NULL,103233,NULL,1176830,69936.6,0.353,29.981,NULL,"Dry Low NOx Burners",NULL,"ARP, CSNOX, CSOSG2E, CSSO2G1"
341,70,1,2025,NULL,181513,NULL,2069800,123005,0.621,50.012,NULL,"Dry Low NOx Burners",NULL,"ARP, CSNOX, CSOSG2E, CSSO2G1"
342,70,1,2026,NULL,69960.4,NULL,797556,47398.4,0.239,20.304,NULL,"Dry Low NOx Burners",NULL,"ARP, CSNOX, CSOSG2E, CSSO2G1"
343,71,1,2022,NULL,139308,NULL,1570900,93355.9,0.471,45.275,NULL,"Dry Low NOx Burners|Water Injection|Selective Catalytic Reduction",NULL,"ARP, CSNOX, CSOSG3, CSSO2G1"
344,71,1,2023,NULL,96583.4,NULL,1107910,65842.3,0.332,30.533,NULL,"Dry Low NOx Burners|Water Injection|Selective Catalytic Reduction",NULL,"ARP, CSNOX, CSOSG2E, CSSO2G1"
345,71,1,2024,NULL,88754.2,NULL,1020250,60631.7,0.306,29.495,NULL,"Dry Low NOx Burners|Water Injection|Selective Catalytic Reduction",NULL,"ARP, CSNOX, CSOSG2E, CSSO2G1"
346,71,1,2025,NULL,130953,NULL,1509990,89736.6,0.453,45.463,NULL,"Dry Low NOx Burners|Water Injection|Selective Catalytic Reduction",NULL,"ARP, CSNOX, CSOSG2E, CSSO2G1"
347,71,1,2026,NULL,40828.5,NULL,478794,28454.3,0.144,14.131,NULL,"Dry Low NOx Burners|Water Injection|Selective Catalytic Reduction",NULL,"ARP, CSNOX, CSOSG2E, CSSO2G1"
348,72,1,2022,NULL,126942,NULL,1424460,84654,0.427,39.992,NULL,"Dry Low NOx Burners|Water Injection|Selective Catalytic Reduction",NULL,"ARP, CSNOX, CSOSG3, CSSO2G1"
349,72,1,2023,NULL,79472.3,NULL,901295,53561.3,0.27,25.87,NULL,"Dry Low NOx Burners|Water Injection|Selective Catalytic Reduction",NULL,"ARP, CSNOX, CSOSG2E, CSSO2G1"
350,72,1,2024,NULL,86323.9,NULL,979617,58217.6,0.294,25.888,NULL,"Dry Low NOx Burners|Water Injection|Selective Catalytic Reduction",NULL,"ARP, CSNOX, CSOSG2E, CSSO2G1"
351,72,1,2025,NULL,159302,NULL,1817760,108026,0.545,44.607,NULL,"Dry Low NOx Burners|Water Injection|Selective Catalytic Reduction",NULL,"ARP, CSNOX, CSOSG2E, CSSO2G1"
352,72,1,2026,NULL,58547,NULL,689765,40991.3,0.207,16.063,NULL,"Dry Low NOx Burners|Water Injection|Selective Catalytic Reduction",NULL,"ARP, CSNOX, CSOSG2E, CSSO2G1"
353,73,1,2022,NULL,50796.7,NULL,602685,35840.9,0.19,7.75,NULL,"Water Injection|Dry Low NOx Burners",NULL,"ARP, CSNOX, CSOSG3, CSSO2G1"
354,73,1,2023,NULL,16457.3,NULL,202247,12065,0.083,2.699,NULL,"Water Injection|Dry Low NOx Burners",NULL,"ARP, CSNOX, CSOSG2E, CSSO2G1"
355,73,1,2024,NULL,6711.06,NULL,81061.1,4863.58,0.051,1.318,NULL,"Water Injection|Dry Low NOx Burners",NULL,"ARP, CSNOX, CSOSG2E, CSSO2G1"
356,73,1,2025,NULL,13558.4,NULL,157873,9420.66,0.071,2.746,NULL,"Water Injection|Dry Low NOx Burners",NULL,"ARP, CSNOX, CSOSG2E, CSSO2G1"
357,73,1,2026,NULL,3531.47,NULL,41681.1,2482.71,0.014,0.708,NULL,"Water Injection|Dry Low NOx Burners",NULL,"ARP, CSNOX, CSOSG2E, CSSO2G1"
358,74,1,2022,NULL,51552.1,NULL,613499,36483.7,0.194,8.018,NULL,"Water Injection|Dry Low NOx Burners",NULL,"ARP, CSNOX, CSOSG3, CSSO2G1"
359,74,1,2023,NULL,16224.1,NULL,199790,11922.5,0.083,2.578,NULL,"Water Injection|Dry Low NOx Burners",NULL,"ARP, CSNOX, CSOSG2E, CSSO2G1"
360,74,1,2024,NULL,6534.73,NULL,80418.9,4831.16,0.054,1.214,NULL,"Water Injection|Dry Low NOx Burners",NULL,"ARP, CSNOX, CSOSG2E, CSSO2G1"
361,74,1,2025,NULL,12690.5,NULL,149094,8905.44,0.073,2.475,NULL,"Water Injection|Dry Low NOx Burners",NULL,"ARP, CSNOX, CSOSG2E, CSSO2G1"
362,74,1,2026,NULL,3926.77,NULL,48050.9,2861.74,0.016,0.759,NULL,"Water Injection|Dry Low NOx Burners",NULL,"ARP, CSNOX, CSOSG2E, CSSO2G1"
363,75,1,2022,NULL,56363,NULL,663154,39425.8,0.205,8.991,NULL,"Water Injection|Dry Low NOx Burners",NULL,"ARP, CSNOX, CSOSG3, CSSO2G1"
364,75,1,2023,NULL,17813.6,NULL,216077,12871.4,0.08,2.757,NULL,"Water Injection|Dry Low NOx Burners",NULL,"ARP, CSNOX, CSOSG2E, CSSO2G1"
365,75,1,2024,NULL,11427.3,NULL,135566,8110.72,0.072,2.102,NULL,"Water Injection|Dry Low NOx Burners",NULL,"ARP, CSNOX, CSOSG2E, CSSO2G1"
366,75,1,2025,NULL,18517.5,NULL,214565,12803.2,0.097,3.41,NULL,"Water Injection|Dry Low NOx Burners",NULL,"ARP, CSNOX, CSOSG2E, CSSO2G1"
367,75,1,2026,NULL,5165.7,NULL,60410.4,3596.02,0.019,0.881,NULL,"Water Injection|Dry Low NOx Burners",NULL,"ARP, CSNOX, CSOSG2E, CSSO2G1"
368,76,1,2022,NULL,57229.3,NULL,683511,40645.4,0.216,8.694,NULL,"Water Injection|Dry Low NOx Burners",NULL,"ARP, CSNOX, CSOSG3, CSSO2G1"
369,76,1,2023,NULL,17748.2,NULL,219164,13065.3,0.085,2.671,NULL,"Water Injection|Dry Low NOx Burners",NULL,"ARP, CSNOX, CSOSG2E, CSSO2G1"
370,76,1,2024,NULL,9605,NULL,116819,6997.58,0.067,1.682,NULL,"Water Injection|Dry Low NOx Burners",NULL,"ARP, CSNOX, CSOSG2E, CSSO2G1"
371,76,1,2025,NULL,15760.7,NULL,184947,11035.6,0.083,2.858,NULL,"Water Injection|Dry Low NOx Burners",NULL,"ARP, CSNOX, CSOSG2E, CSSO2G1"
372,76,1,2026,NULL,5071.93,NULL,59819.2,3560.56,0.019,0.852,NULL,"Water Injection|Dry Low NOx Burners",NULL,"ARP, CSNOX, CSOSG2E, CSSO2G1"
373,77,1,2022,NULL,58486.2,NULL,684610,40706.8,0.215,9.505,NULL,"Water Injection|Dry Low NOx Burners",NULL,"ARP, CSNOX, CSOSG3, CSSO2G1"
374,77,1,2023,NULL,18499.7,NULL,223180,13315.3,0.091,2.914,NULL,"Water Injection|Dry Low NOx Burners",NULL,"ARP, CSNOX, CSOSG2E, CSSO2G1"
375,77,1,2024,NULL,10255.4,NULL,121692,7269,0.058,1.893,NULL,"Water Injection|Dry Low NOx Burners",NULL,"ARP, CSNOX, CSOSG2E, CSSO2G1"
376,77,1,2025,NULL,17409,NULL,200471,11925,0.065,3.096,NULL,"Water Injection|Dry Low NOx Burners",NULL,"ARP, CSNOX, CSOSG2E, CSSO2G1"
377,77,1,2026,NULL,3903.97,NULL,46161.1,2751.29,0.016,0.711,NULL,"Water Injection|Dry Low NOx Burners",NULL,"ARP, CSNOX, CSOSG2E, CSSO2G1"
378,78,1,2022,NULL,59092.6,NULL,697213,41459.2,0.219,10.357,NULL,"Water Injection|Dry Low NOx Burners",NULL,"ARP, CSNOX, CSOSG3, CSSO2G1"
379,78,1,2023,NULL,19417.2,NULL,236324,14108.2,0.101,3.421,NULL,"Water Injection|Dry Low NOx Burners",NULL,"ARP, CSNOX, CSOSG2E, CSSO2G1"
380,78,1,2024,NULL,7062.73,NULL,85026.7,5097.57,0.052,1.444,NULL,"Water Injection|Dry Low NOx Burners",NULL,"ARP, CSNOX, CSOSG2E, CSSO2G1"
381,78,1,2025,NULL,17580.3,NULL,204409,12161.6,0.067,3.395,NULL,"Water Injection|Dry Low NOx Burners",NULL,"ARP, CSNOX, CSOSG2E, CSSO2G1"
382,78,1,2026,NULL,4304.5,NULL,51133.7,3045.94,0.017,0.83,NULL,"Water Injection|Dry Low NOx Burners",NULL,"ARP, CSNOX, CSOSG2E, CSSO2G1"
383,79,1,2022,NULL,60136.9,NULL,712915,42393.4,0.225,9.191,NULL,"Water Injection|Dry Low NOx Burners",NULL,"ARP, CSNOX, CSOSG3, CSSO2G1"
384,79,1,2023,NULL,16647.2,NULL,205599,12270.1,0.087,2.658,NULL,"Water Injection|Dry Low NOx Burners",NULL,"ARP, CSNOX, CSOSG2E, CSSO2G1"
385,79,1,2024,NULL,9276.79,NULL,113279,6785.63,0.065,1.759,NULL,"Water Injection|Dry Low NOx Burners",NULL,"ARP, CSNOX, CSOSG2E, CSSO2G1"
386,79,1,2025,NULL,18134.8,NULL,215512,12825.6,0.072,3.074,NULL,"Water Injection|Dry Low NOx Burners",NULL,"ARP, CSNOX, CSOSG2E, CSSO2G1"
387,79,1,2026,NULL,10071.9,NULL,121482,7225.2,0.038,1.707,NULL,"Water Injection|Dry Low NOx Burners",NULL,"ARP, CSNOX, CSOSG2E, CSSO2G1"
388,80,1,2022,NULL,58641.9,NULL,705819,41970.3,0.222,9.535,NULL,"Water Injection|Dry Low NOx Burners",NULL,"ARP, CSNOX, CSOSG3, CSSO2G1"
389,80,1,2023,NULL,16825.7,NULL,210167,12539.2,0.087,2.733,NULL,"Water Injection|Dry Low NOx Burners",NULL,"ARP, CSNOX, CSOSG2E, CSSO2G1"
390,80,1,2024,NULL,8754.92,NULL,106218,6365.37,0.062,1.653,NULL,"Water Injection|Dry Low NOx Burners",NULL,"ARP, CSNOX, CSOSG2E, CSSO2G1"
391,80,1,2025,NULL,18677,NULL,217644,12955.5,0.075,3.37,NULL,"Water Injection|Dry Low NOx Burners",NULL,"ARP, CSNOX, CSOSG2E, CSSO2G1"
392,80,1,2026,NULL,10230.4,NULL,118608,7052.87,0.037,1.634,NULL,"Water Injection|Dry Low NOx Burners",NULL,"ARP, CSNOX, CSOSG2E, CSSO2G1"
393,81,1,2022,NULL,NULL,444446,622962,NULL,NULL,26.816,NULL,NULL,NULL,SIPNOX
394,81,1,2023,NULL,NULL,339623,285699,NULL,NULL,12.57,NULL,NULL,NULL,SIPNOX
395,81,1,2024,NULL,NULL,363819,308821,NULL,NULL,13.149,NULL,NULL,NULL,SIPNOX
396,81,1,2025,NULL,NULL,314344,225614,NULL,NULL,9.342,NULL,NULL,NULL,SIPNOX
397,81,1,2026,NULL,NULL,140177,90892.6,NULL,NULL,3.955,NULL,NULL,NULL,SIPNOX
398,82,1,2022,NULL,NULL,421592,623754,NULL,NULL,25.874,NULL,NULL,NULL,SIPNOX
399,82,1,2023,NULL,NULL,365658,301165,NULL,NULL,11.89,NULL,NULL,NULL,SIPNOX
400,82,1,2024,NULL,NULL,356014,277649,NULL,NULL,11.818,NULL,NULL,NULL,SIPNOX
401,82,1,2025,NULL,NULL,288727,197954,NULL,NULL,8.346,NULL,NULL,NULL,SIPNOX
402,82,1,2026,NULL,NULL,143901,97940.7,NULL,NULL,4.26,NULL,NULL,NULL,SIPNOX
403,83,1,2022,NULL,89415,NULL,965709,NULL,NULL,41.952,NULL,NULL,NULL,SIPNOX
404,83,1,2023,NULL,75820.7,NULL,812561,NULL,NULL,20.241,NULL,NULL,NULL,SIPNOX
405,83,1,2024,NULL,80881.2,NULL,874537,NULL,NULL,38.92,NULL,NULL,NULL,SIPNOX
406,83,1,2025,NULL,94020.4,NULL,1016220,NULL,NULL,51.988,NULL,NULL,NULL,SIPNOX
407,83,1,2026,NULL,36070.4,NULL,389706,NULL,NULL,15.899,NULL,NULL,NULL,SIPNOX
408,84,1,2022,NULL,32413.7,NULL,372149,22116.9,0.112,17.24,NULL,"Water Injection",NULL,"ARP, CSNOX, CSOSG3, CSSO2G1"
409,84,1,2023,NULL,25957.7,NULL,293191,17425.9,0.088,13.37,NULL,"Water Injection",NULL,"ARP, CSNOX, CSOSG2E, CSSO2G1"
410,84,1,2024,NULL,25992,NULL,295671,17572,0.089,13.305,NULL,"Water Injection",NULL,"ARP, CSNOX, CSOSG2E, CSSO2G1"
411,84,1,2025,NULL,32733.8,NULL,372616,22144.7,0.112,16.865,NULL,"Water Injection",NULL,"ARP, CSNOX, CSOSG2E, CSSO2G1"
412,84,1,2026,NULL,30056.6,NULL,329412,19576.2,0.099,14.567,NULL,"Water Injection",NULL,"ARP, CSNOX, CSOSG2E, CSSO2G1"
413,85,1,2022,NULL,31308.7,NULL,360070,21399.9,0.108,17.178,NULL,"Water Injection",NULL,"ARP, CSNOX, CSOSG3, CSSO2G1"
414,85,1,2023,NULL,26866.6,NULL,302631,17984.1,0.091,13.695,NULL,"Water Injection",NULL,"ARP, CSNOX, CSOSG2E, CSSO2G1"
415,85,1,2024,NULL,25885.4,NULL,293486,17441.8,0.088,13.089,NULL,"Water Injection",NULL,"ARP, CSNOX, CSOSG2E, CSSO2G1"
416,85,1,2025,NULL,34214.6,NULL,390663,23216.4,0.117,17.278,NULL,"Water Injection",NULL,"ARP, CSNOX, CSOSG2E, CSSO2G1"
417,85,1,2026,NULL,30404.1,NULL,333195,19804.3,0.1,14.718,NULL,"Water Injection",NULL,"ARP, CSNOX, CSOSG2E, CSSO2G1"
418,86,1,2022,NULL,35242.9,NULL,396841,23585.6,0.119,18.133,NULL,"Water Injection",NULL,"ARP, CSNOX, CSOSG3, CSSO2G1"
419,86,1,2023,NULL,23945.9,NULL,265356,15769.8,0.08,11.93,NULL,"Water Injection",NULL,"ARP, CSNOX, CSOSG2E, CSSO2G1"
420,86,1,2024,NULL,27373.1,NULL,306647,18226.2,0.092,13.845,NULL,"Water Injection",NULL,"ARP, CSNOX, CSOSG2E, CSSO2G1"
421,86,1,2025,NULL,33511.7,NULL,374814,22278.1,0.112,16.878,NULL,"Water Injection",NULL,"ARP, CSNOX, CSOSG2E, CSSO2G1"
422,86,1,2026,NULL,30461.9,NULL,332153,19741.8,0.1,14.532,NULL,"Water Injection",NULL,"ARP, CSNOX, CSOSG2E, CSSO2G1"
423,87,1,2022,NULL,34315.8,NULL,385172,22893.2,0.116,18.863,NULL,"Water Injection",NULL,"ARP, CSNOX, CSOSG3, CSSO2G1"
424,87,1,2023,NULL,24787.8,NULL,273167,16236.2,0.082,12.305,NULL,"Water Injection",NULL,"ARP, CSNOX, CSOSG2E, CSSO2G1"
425,87,1,2024,NULL,27536.7,NULL,305762,18170.2,0.092,14.33,NULL,"Water Injection",NULL,"ARP, CSNOX, CSOSG2E, CSSO2G1"
426,87,1,2025,NULL,35226.6,NULL,391715,23279.6,0.118,18.55,NULL,"Water Injection",NULL,"ARP, CSNOX, CSOSG2E, CSSO2G1"
427,87,1,2026,NULL,31453.3,NULL,342649,20363.8,0.103,15.111,NULL,"Water Injection",NULL,"ARP, CSNOX, CSOSG2E, CSSO2G1"
428,88,1,2022,NULL,NULL,570142,658612,NULL,NULL,14.428,NULL,"Selective Catalytic Reduction",NULL,SIPNOX
429,88,1,2023,NULL,NULL,418966,522467,NULL,NULL,11.81,NULL,"Selective Catalytic Reduction",NULL,SIPNOX
430,88,1,2024,NULL,NULL,689138,810227,NULL,NULL,15.048,NULL,"Selective Catalytic Reduction",NULL,SIPNOX
431,88,1,2025,NULL,NULL,662283,760905,NULL,NULL,13.684,NULL,"Selective Catalytic Reduction",NULL,SIPNOX
432,88,1,2026,NULL,NULL,239945,280711,NULL,NULL,5.575,NULL,"Selective Catalytic Reduction",NULL,SIPNOX
433,89,1,2022,NULL,NULL,NULL,NULL,NULL,NULL,NULL,NULL,NULL,NULL,SIPNOX
434,89,1,2023,NULL,NULL,NULL,NULL,NULL,NULL,NULL,NULL,NULL,NULL,SIPNOX
435,89,1,2024,NULL,NULL,NULL,NULL,NULL,NULL,NULL,NULL,NULL,NULL,SIPNOX
436,89,1,2025,NULL,NULL,NULL,NULL,NULL,NULL,NULL,NULL,NULL,NULL,SIPNOX
437,90,1,2022,NULL,NULL,NULL,NULL,NULL,NULL,NULL,NULL,NULL,NULL,SIPNOX
438,90,1,2023,NULL,NULL,NULL,NULL,NULL,NULL,NULL,NULL,NULL,NULL,SIPNOX
439,90,1,2024,NULL,NULL,NULL,NULL,NULL,NULL,NULL,NULL,NULL,NULL,SIPNOX
440,90,1,2025,NULL,NULL,NULL,NULL,NULL,NULL,NULL,NULL,NULL,NULL,SIPNOX
